12_22sel_515_kaside_17b-18b_gülşene altun varaḳlar zeyn idüp bād-ı ẖazān,10_iae_sr_85_kaside_15a-16b_gülşene altun varaḳlar zeyn idüp bād-ı ẖazān ,11_iae_sr_46_kaside_16a-17b_gülşene altun varaḳlar zeyn idüp bād-ı ẖazān,13_06mil_yza_6302_kaside_18a-19b_gülşene altun varaḳlar zeyn idüp bād-ı ẖazān,12_06mil_yza_3009_kaside_14b-15b_gülşene altun varaḳlar zeyn idüp bād-ı ẖazān ,10_iu_t_3864_kaside_18b-20a_gülşene altun varaḳlar zeyn idüp bād-ı ẖazān,10_tdk_yza_376_kaside_15b-16b_gülşene altun varaḳlar zeyn idüp bād-ı ẖazān,23_brl_or25423_kaside_19b-20b_gülşene altun varaḳlar zeyn idüp bād-ı ẖazān ,10_sül_ms_362_kaside_9a-9b_gülşene altun varaḳlar zeyn idüp bād-ı ẖazān ,13_tiem_1959_kaside_25a-26b_gülşene altun varaḳlar zeyn idüp bād-ı ẖazān ,8_ama_or218_kaside_15b-17a_gülşene altun varaḳlar zeyn idüp bād-ı ẖazān ,10_bnf_tc_356_kaside_9b-10b_gülşene altun varaḳlar zeyn idüp bād-ı ẖazān ,13_sül_ie_427_kaside_15b-16b_gülşene altun varaḳlar zeyn idüp bād-ı ẖazān ,11_kk_ap_268_kaside_16a-17a_gülşene altun varaḳlar zeyn idüp bād-ı ẖazān ,8_iu_t_1969_kaside_15a-16b_gülşene altun varaḳlar zeyn idüp bād-ı ẖazān ,10_kas_37hk_2735_kaside_9b-10a_gülşene altun varaḳlar zeyn idüp bād-ı ẖazān,2_çr_19hk_2158_kaside_2b-4a_gülşene altun varaḳlar zeyn idüp bād-ı ẖazān ,16_22sel_4762_kaside_17b-18b_gülşene altun varaḳlar zeyn idüp bād-ı ẖazān ,13_sül_ee_2610_kaside_19b-21a_gülşene altun varaḳlar zeyn idüp bād-ı ẖazān ,9_amk_codaf386_kaside_16a-17a_gülşene altun varaḳlar zeyn idüp bād-ı ḥazān,16_iü_t_5523_kaside_25a-26a_gülşene altun varaḳlar zeyn idüp bād-ı ẖazān ,11_sül_hm_3298_kaside_182a-183a_gülşene altun varaḳlar zeyn idüp bād-ı ẖazān
gülşene altun varaḳlar zeyn idüp bād-ı ẖazān ,gülşene altun varaḳlar zeyn idüp bād-ı ẖazān ,gülşene altun varaḳlar zeyn idüp bād-ı ẖazān ,gülşene altun varaḳlar zeyn idüp bād-ı ẖazān ,gülşene altun varaḳlar zeyn idüp bād-ı ẖazān ,gülşene altun varaḳlar zeyn idüp bād-ı ẖazān ,gülşene altun varaḳlar zeyn idüp bād-ı ẖazān ,gülşene altun varaḳlar zeyn idüp bād-ı ẖazān ,gülşene altun varaḳlar zeyn idüp bād-ı ẖazān ,gülşene altun varaḳlar zeyn idüp bād-ı ẖazān ,gülşene altun varaḳlar zeyn idüp bād-ı ẖazān ,gülşene altun varaḳlar zeyn idüp bād-ı ẖazān ,gülşene altun varaḳlar zeyn idüp bād-ı ẖazān ,gülşene altun varaḳlar zeyn idüp bād-ı ẖazān ,gülşene altun varaḳlar zeyn idüp bād-ı ẖazān ,gülşene altun varaḳlar zeyn idüp bād-ı ẖazān ,gülşene altun varaḳlar zeyn idüp bād-ı ẖazān ,gülşene altun varaḳlar zeyn idüp bād-ı ẖazān ,gülşene altun varaḳlar zeyn idüp bād-ı ẖazān ,gülşene altun varaḳlar zeyn idüp bād-ı ḥazān ,gülşene altun varaḳlar zeyn idüp bād-ı ẖazān ,gülşene altun varaḳlar zeyn idüp bād-ı ẖazān 
gūyiyā zer kūblar dükkānı gülsitān ,gūyiyā zer kūblar dükkānı oldı gülsitān ,gūyiyā zer kūblar dükkānı oldı gülsitān ,gūyiyā zer kūblar dükkānı oldı gülsitān ,gūyiyā zer kūblar dükkānı oldı gülsitān ,gūyiyā zer kūblar dükkānı oldı gülsitān ,gūyiyā zer kūblar dükkānı oldı gülsitān ,gūyiyā zer kūblar dükkānı oldı gülsitān ,gūyiyā zer kūblar dükkānı oldı gülsitān ,gūyiyā zer kūblar dükkānı oldı gülsitān ,gūyiyā zer kūblar dükkānı oldı gülsitān ,gūyiyā zer kūblar dükkānı oldı gülsitān ,gūyiyā zer kūblar dükkānı oldı gülsitān ,gūyiyā zer kūblar dükkānı oldı gülsitān ,gūyiyā zer kūblar dükkānı oldı gülsitān ,gūyiyā zer kūblar dükkānı oldı gülsitān ,gūyiyā zer kūblar dükkānı oldı gülsitān ,gūyiyā zer kūblar dükkānı oldı gülsitān ,gūyiyā zer kūblar dükkānı oldı gülsitān ,gūyiyā zer kūblar dükkānı oldı gülsitān ,gūyiyā zer kūblar dükkānı oldı gülsitān ,gūyiyā zer kūplar dükkānı oldı gülsitān 
deste-i bārān gümiş tel sīm keş ebr-i ḥarīf ,rişte-i bārān gümiş tel sīm keş ebr-i ẖarīf ,rişte-i bārān gümiş tel sīm keş ebr-i ẖarīf ,rişte-i bārān gümiş tel sīm keş ebr-i ẖarīf ,rişte-i bārān gümiş tel sīm keş ebr-i ẖarīf ,rişte-i bārān gümiş tel sīm keş ebr-i ẖarīf ,rişte-i bārān gümiş tel sīmkeş ebr-i ẖarīf ,rişte-i bārān gümiş tel sīm keş ebr-i ẖarīf ,rişte-i bārān gümiş sīm keş ebr-i ẖarīf ,rişte-i bārān gümiş tel sīm keş ebr-i ẖarīf ,rişte-i bārān gümiş ten sīm keş ebr-i ẖarīf ,rişte-i bārān gümiş sīm keş ebr-i ẖarīf ,rişte-i bārān gümiş tel sīm keş ebr-i ẖarīf ,rişte-i bārān gümiş tel sīm keş ebr-i ẖarīf ,rişte-i bārān gümiş tel sīm keş ebr-i ẖarīf ,rişte-i bārān gümiş tel sīm keş ebr-i ẖarīf ,rişte-i bārān gümiş tel sīm keş ebr-i ẖarīf ,rişte-i bārān gümiş tel sīm keş ebr-i ẖarīf ,rişte-i bārān gümiş tel sīm keş ebr-i ẖarīf ,rişte-i bārān gümiş tel sīmkeş ebr-i ḥarīf ,rişte-i bārān gümiş tel sīm keş ebr-i ẖarīf ,rişte-i bārān gümiş tel sīm keş ebr-i ḥarīf 
iki çarẖa döndiler gūyā zīnet-i āsmān ,iki çarẖa döndiler gūyā zemīn ü āsmān ,iki çarẖa döndiler gūy-ı zemīn ü āsmān ,iki ẖūba döndiler gūyā zemīn ü āsmān ,iki çarẖa döndiler gūyā zemīn ü āsmān ,iki çarẖa döndiler gūy-ı zemīn ü āsmān ,iki çarẖa döndiler gūyā zemīn ü āsmān ,iki çarẖa döndiler gūyā zemīn ü āsmān ,iki çarẖa döndiler gūyā zemīn ü āsmān ,iki çarẖa döndiler gūyā zemīn ü āsmān ,iki çarẖa döndiler gūyā zemīnile zamān,iki çarẖa döndiler gūyā zemīn ü āsmān ,iki çarẖa döndiler gūyā zemīn ü āsmān ,iki çarẖa döndiler gūyā zemīn ü āsmān ,iki çarẖa döndiler gūyā zemīn ü āsmān ,iki çarẖa döndiler gūy-ı zemīn ü āsmān ,iki çarẖa döndiler gūyā zemīn ü āsmān ,iki çarẖa döndiler gūyā zemīn ü āsmān ,iki çarẖa döndiler gūyā zemīn ü āsmān ,iki çarḥa döndiler gūyā zemīn ü āsmān ,iki çarẖa döndiler gūyā zemīn āsmān ,iki çarẖa döndiler gūy-ı zemīn ü āsmān 
berg-i bīdi bāġda āb-ı revān üzre görüp ,berg-i bīdi bāġda āb-ı revān üzre görüp ,berg-i bīdi bāġda āb-ı revān üzre görüp ,berg-i bīdi bāġda āb-ı revān üzre görüp ,berg-i bīdi bāġda āb-ı revān üzre görüp ,berg-i bīdi bāġda āb-ı revān üzre görüp ,berg-i bīdi bāġda āb-ı revān üzre görüp,berg-i bīdi bāġda āb-ı revān üzre görüp ,berg-i bīdi bāġda āb-ı revān üzre görüp ,berg-i bīdi bāġda āb-ı revān üzre görüp ,berg-i bīdi bāġda āb-ı revān üzre görüp,berg ü bīdi bāġda āb-ı revān üzre görüp ,berg-i bīdi bāġda āb-ı revān üzre görüp ,berg-i bīdi bāġda āb-ı revān üzre görüp ,berg-i bīdi bāġda āb-ı revān üzre görüp ,berg-i bīdi bāġda āb-ı revān üzre görüp ,berg-i bīdi bāġda āb-ı revān üzre görüp,berg-i bīdi bāġda āb-ı revān üzre görüp ,berg-i bīdi bāġda āb-ı revān üzre görüp ,berg-i bīdi bāġda āb-ı revān üzre görüp ,berg-i bīdi bāġda āb-ı revān üzre görüp ,bergde yapdı bāġda āb-ı revān üzre görüp 
diler aḳmış ġılāfından bu tīġ-i zer nişān,didiler aḳmış ġılāfından bu tīġ-i zer nişān,didiler aḳmış ġılāfından bu tīġ-i zer nişān,didiler aḳmış ġılāfından bu tīġ-i zer nişān,didiler aḳmış ġılāfından bu tīġ-i zer nişān,didiler aḳmış ġılāfından bu tīġ-i zer nişān,,didiler aḳmış ġılāfından bu tīġ-i zer nişān,didiler aḳmış ġılāfından bu tīġ-i zer nişān,didiler aḳmış ġılāfından bu tīġ-i zer nişān,,didiler aḳmış ġılāfından bu tīġ-i zer nişān,didiler aḳmış ġılāfından bu tīġ-i zer nişān,didiler aḳmış ġılāfından bu tīġ-i zer nişān,,didiler aḳmış ġılāfından bu tīġ-i zer nişān,didiler aḳmış ġılāfından bu tīġ-i zernişān,didiler aḳmış ġılāfından bu tīġ-i zer feşān,didiler aḳmış ġılāfından bu tīġ-i zer nişān,,didiler aḳmış ġılāfından bu tīġ-i zer nişān,didiler aḳmış ġılāfından bu tīġ-i zer feşān
rehgüẕār-ı bāġa sertāpā dökilmiş berg-i zer,rehgüẕār-ı bāġa sertāpā dökilmiş berg-i zer,rehgüẕār-ı bāġa sertāpā dökilmiş berg-i zer,rehgüẕār-ı bāġa sertāpā dökilmiş berg-i zer,rehgüẕār-ı bāġa sertāpā dökilmiş berg-i zer,rehgüẕār-ı bāġa sertāpā dökilmiş berg-i zer,,rehgüẕār-ı bāġa sertāpā dökilmiş berg-i zer,rehgüẕār-ı bāġa sertāpā dökilmiş berg-i zer,rehgüẕār-ı bāġa sertāpā dökilmiş berg-i zer,,rehgüẕār-ı bāġa sertāpā dökilmiş berg-i zer,rehgüẕār-ı bāġa sertāpā dökilmiş berg-i zer,rehgüẕār-ı bāġa sertāpā dökilmiş berg-i zer,,rehgüẕār-ı bāġa sertāpā dökilmiş berg-i zer,rehgüẕār-ı bāġa ser tā pā dökilmiş berg-i zer,rehgüẕār-ı bāġa sertāpā dökilmiş berg-i zer,rehgüẕār-ı bāġa sertāpā dökilmiş berg-i zer,,rehgüẕār-ı bāġa sertāser dökilmiş berg-i zer,reh güẕār-ı bāġa sertāpā dökilmiş berg-i zer
ṣandum altun tebsīler ḳonmış simāṭ-ı ẖusrevān,ṣandum altun tebsiler ḳonmış simāṭ-ı ẖusrevān,ṣandum altun tebsiler ḳonmış simāṭ-ı ẖusrevān,ṣandum altun tebsiler ḳonmış simāṭ-ı ẖusrevān,ṣandum altun tebsiler ḳonmış simāṭ-ı ẖusrevān,ṣandum altun tebsiler ḳonmış simāṭ-ı ẖusrevān,ṣandum altun tebsiler ḳonmış simāṭ-ı ẖusrevān ,ṣandum altun tebsiler ḳonmış bisāṭ-ı ẖusrevān,ṣandum altun tebsiler ḳonmış simāṭ-ı ẖusrevān,ṣandum altun tebsiler ḳonmış simāṭ-ı ẖusrevān,ṣandum altun tebsiler ḳonmış simāṭ-ı ẖusrevān,ṣandum altun tebsiler ḳonmış simāṭ-ı ẖusrevān,ṣandum altun tebsiler ḳonmış simāṭ-ı ẖusrevān,ṣandum altun tebsiler ḳonmış simāṭ-ı ẖusrevān,ṣandum altun tebsiler ḳonmış simāṭ-ı ẖusrevān,ṣandum altun tebsiler ḳonmış simāṭ-ı ẖusrevān,ṣandum altun tebsiler ḳonmış simāṭ-ı ẖusrevān,ṣandum altun tebsiler ḳonmış simāṭ-ı ẖusrevān,ṣandum altun tebsiler ḳonmış simāṭ-ı ẖusrevān,ṣandum altun tebsiler ḳonmış bisāṭ-ı ḥusrevān,ṣandum altun tebsiler ḳonmış simāṭ-ı ẖusrevān,ṣandum altun tebsīler ḳonmış simāṭ-ı ẖusrevān
bāġda gerdān ider evrāḳ ṣanmañ ger diler,bāġda gerdān ider evrāḳı ṣanmañ girdbād ,bāġda gerdān ider evrāḳı ṣanmañ girdbād ,bāġda gerdān ider evrāḳı ṣanmañ girdbād ,bāġda gerdān ider evrāḳı ṣanmañ girdbād ,bāġda gerdān ider evrāḳı ṣanmañ girdbād ,bād gerdān itdürür evrāḳı ṣanmañ girdbād ,bāġda gerdān ider evrāḳı ṣanmañ girdbād ,bāġda gerdān ider evrāḳı ṣanmañ girdbād ,bāġda gerdān ider evrāḳı ṣanmañ girdbād ,bāġda gerdān ider evrāḳı ṣanmañ girdbād ,bāġda gerdān ider evrāḳı ṣanmañ girdbād ,bāġda gerdān ider evrāḳı ṣanmañ girdbād ,bāġda gerdān ider evrāḳı ṣanmañ girdbād ,bāġda gerdān ider evrāḳı ṣanmañ girdbād ,bāġda gerdān ider evrāḳı ṣanmañ girdbād ,bād-ı gerdān itdiler evrāḳı ṣanmañ girdbād ,bāġda gerdān ider evrāḳı ṣanmañ girdbād ,bāġda gerdān ider evrāḳı ṣanmañ girdbād ,bād gerdān itdürür evrāḳı ṣanmañ girdbād ,bād-ı gerdān itdiler evrāḳı ṣanma girdbād ,bāġda gerdān ider evrāḳ ṣanmañ kirdgār 
indiler seyyāreler ḳılmaġa seyr-i būstān ,indiler seyyāreler ḳılmaġa seyr-i būstān ,indiler seyyāreler ḳılmaġa seyr-i būstān ,indiler seyyāre ḳılmaġa seyr-i būstān ,indiler seyyāreler ḳılmaġa seyr-i būstān ,indiler seyyāre ḳılmaġa seyr-i būstān ,indiler seyyāreler ḳılmaġa seyr-i būstān ,indiler seyyāreler ḳılmaġa seyr-i būstān ,indiler seyyāreler ḳılmaġa seyr-i būstān ,indiler seyyāreler ḳılmaġa seyr-i būstān ,indiler seyyāreler ḳılmaġa seyr-i gülsitān ,indiler seyyāreler ḳılmaġa seyr-i būstān ,indiler seyyāreler ḳılmaġa seyr-i būstān ,indiler seyyāreler ḳılmaġa seyr-i būstān ,indiler seyyāreler ḳılmaġa seyr-i būstān ,indiler seyyāreler ḳılmaġa seyr-i būstān ,indiler seyyāreler ḳılmaġa seyr-i būstān ,indiler seyyāreler ḳılmaġa seyr-i būstān ,indiler seyyāreler ḳılmaġa seyr-i būstān ,indiler seyyāreler ḳılmaġa seyr-i būstān ,indiler seyyāreler ḳılmaġa seyr-i būstān ,indiler seyyāreler ḳılmaġa seyr-i būstān 
perr ü bāl açmış yeşil ṭūṭī iken berg-i çenār ,perr ü bāl açmış yeşil ṭūṭī iken berg-i çenār ,perr ü bāl açmış yeşil ṭūṭī iken berg-i çenār ,perr ü bāl açmış yeşil ṭūṭī iken berg-i çenār ,perr ü bāl açmış yeşil ṭūṭī iken serv ü çenār ,perr ü bāl açmış yeşil ṭūṭī iken berg-i çenār ,perr ü bāl açmış yeşil ṭūṭī iken berg-i çenār ,perr ü bāl açmış yeşil ṭūṭī iken serv ü çenār ,perr ü bāl açmış yeşil ṭūṭī iken berg-i çenār ,perr ü bāl açmış yeşil ṭūṭī iken berg-i çenār ,perr ü bāl açmış yeşil ṭūṭī iki berg-i çenār ,perr ü bāl açmış yeşil ṭūṭī iken berg-i çenār ,perr ü bāl açmış yeşil ṭūṭī iken berg-i çenār ,perr ü bāl açmış yeşil ṭūṭī iken berg-i çenār ,perr ü bāl açmış yeşil ṭūṭī iken berg-i çenār ,perr ü bāl açmış yeşil ṭūṭī iken berg-i çenār ,perr ü bāl açmış yeşil ṭūṭī iken berg-i çenār ,perr ü bāl açmış yeşil ṭūṭī iken berg-i çenār ,perr ü bāl açmış yeşil ṭūṭī iken serv ü çenār ,perr ü bāl açmış yeşil ṭūṭī iken berg-i çenār ,perr ü bāl açmış yeşil ṭūṭī iken berg-i çenār ,perr ü bāl açmış yeşil ṭūṭī iken berg-i ẖayāl 
zerd olup bir pençe-i şehbāza dönmişdür hemā,zerd olup ser pençe-i şehbāza dönmişdür hemān ,zerd olup ser pençe-i şehbāza dönmişdür hemān ,zerd olup ser pençe-i şehbāza dönmişdür hemān,zerd olup ser pençe-i şehbāza dönmişdür hemān ,zerd olup ser pençe-i şehbāza dönmişdür hemān ,zerd olup ser pençe-i şehbāza dönmişdür hemān,zerd olup ser pençe-i şehbāza dönmişdür hemān ,zerd olup ser pençe-i şehbāza dönmişdür hemān ,zerd olup ser pençe-i şehbāza dönmişdür hemān ,zerd olup ser pençe-i şehbāza dönmişdür hemān ,zerd olup ser pençe-i şehbāza dönmişdür hemān ,zerd olup ser pençe-i şehbāza dönmişdür hemān ,zerd olup ser pençe-i şehbāza dönmişdür hemān ,zerd olup ser pençe-i şehbāza dönmişdür hemān,zerd olup ser pençe-i şehbāza dönmişdür hemān,zerd olup ser pençe-i şehbāza dönmişdür hemān,zerd olup ser pençe-i şehbāza dönmişdür hemān ,zerd olup ser pençe-i şehbāza dönmişdür hemān ,zerd olup ser pençe-i şehbāza dönmişdür hemān,zerd olup ser pençe-i şehbāza dönmişdür hemān ,zerd olup ser pençe-i şehbāza dönmişdür hemān
rāygān aldum ṣanurdı laʿi yāḳūtı velī,rāygān aldum ṣanurdı laʿl u yāḳūtı velī,,rāygān aldum ṣanurdı laʿl u yāḳūtı velī,rāygān aldum ṣanurdı laʿl u yāḳūtı velī,,rāygān aldum ṣanurdı laʿl-i yāḳūtı velī,rāygān aldum ṣanurdı laʿl u yāḳūtı velī,rāygān aldum ṣanurdı laʿl u yāḳūtı velī,rāygān aldum ṣanurdı laʿl u yāḳūtı velī,rāygān aldum ṣanurdı laʿl yāḳūtı velī,rāygān aldum ṣanurdı laʿl u yāḳūtı velī,rāygān aldum ṣanurdı laʿl u yāḳūtı velī,rāygān aldum ṣanurdı laʿl u yāḳūtı velī,rāygān aldum ṣanurdı laʿl u yāḳūtı velī,rāygān aldum ṣanurdı laʿl ü yāḳūtı velī,rāygān aldum ṣanurdı laʿl yāḳūtı velī,rāygān atmış ṣanurdı laʿl u yāḳūtı velī,rāygān aldum ṣanurdı laʿl u yāḳūtı velī,rāygān aldum ṣanurdı laʿl ü yāḳūtı velī,rāygān aldum ṣanurdı laʿl u yāḳūtı velī,rāygān oldum ṣanurdı laʿl-i yāḳūtı velī
şimdi naḳd altun ṣayar ṭurmış nihāl-i erġavān,şimdi naḳd altun ṣayar ṭurmış nihāl-i erġavān,,şimdi naḳd altun ṣayar ṭurmış nihāl-i erġavān,şimdi naḳd altun ṣayar ṭurmış nihāl-i erġavān,,şimdi naḳd altun ṣayar ṭurmış nihāl-i erġavān,şimdi naḳd altun ṣayar ṭurmış nihāl-i erġavān,şimdi naḳd altun ṣayar ṭurmış nihāl-i erġavān,şimdi naḳd altun ṣayar ṭurmış nihāl-i erġavān,şimdi naḳd altun ṭutar elde nihāl-i erġavān,şimdi naḳd altun ṣayar ṭurmış nihāl-i erġavān,şimdi naḳd altun ṣayar ṭurmış nihāl-i erġavān,şimdi naḳd altun ṣayar ṭurmış nihāl-i erġavān,şimdi naḳd altun ṭutar elde nihāl-i erġavān ,şimdi naḳd altun ṣayar ṭurmış nihāl-i erġavān,şimdi naḳd altun dutar elde nihāl-i erġavān ,şimdi naḳd altun ṣayar ṭurmış nihāl-i erġavān,şimdi naḳd altun ṣayar ṭurmış nihāl-i erġavān,şimdi naḳd altun ṭutar elde nihāl-i erġavān,şimdi naḳd altun ṭutar elde nihāl-i erġavān,şimdi naḳd altun ṣayar ṭurmış nihāl-i erġavān
ḳanlu yaş dökmiş ruẖ-ı zerd ü ġubār ālūdına ,ḳanlu yaş dökmiş ruẖ-ı zerd-i ġubār ālūdına ,ḳanlu yaş dökmiş ruẖ-ı zerd-i ġubār ālūdına ,ḳanlu yaş dökmiş ruẖ-ı zerd-i ġubār ālūdına ,ḳanlu yaş dökmiş ruẖ-ı zerd ü ġubār ālūdına ,ḳanlu yaş dökmiş ruẖ-ı zerd-i ġubār ālūdına ,ḳanlu yaş dökmiş ruẖ-ı zerd-i ġubār ālūdına ,ḳanlu yaş dökmiş ruẖ-ı zerd-i ġubār ālūdına ,ḳanlu yaş dökmiş ruẖ-ı zerd ü ġubār ālūdına ,ḳanlu yaş dökmiş ruẖ-ı zerd-i ġubār ālūdına ,ḳanlu yaş dökmiş ruẖ-ı zerd ġubār ālūdına ,ḳanlu yaş dökmiş ruẖ-ı zerd ü ġubār ālūdına ,ḳanlu yaş dökmiş ruẖ-ı zerd ü ġubār ālūdına ,ḳanlu yaş dökmiş ruẖ-ı zerd-i ġubār ālūdına ,ḳanlu yaş dökmiş ruẖ-ı zerd-i ġubār ālūdına ,ḳanlu yaş dökmiş ruẖ-ı zerd-i ġubār ālūdına ,ḳanlu yaş dökmiş ruẖ-ı zerd-i ġubār ālūdına ,ḳanlu yaş dökmiş ruẖ-ı zerd ü ġubār ālūdına ,ḳanlu yaş dökmiş ruẖ-ı zerd ü ġubār ālūdına ,ḳanlu yaş dökdi ruẖ-ı zerd-i ġubār ālūdına ,ḳanlu yaş dökmiş ruẖ-ı zerd-i ġubār ālūdına ,ḳanlu yaş dökmiş ruẖ-ı zerd-i ġubār ālūdına 
varise dehrüñ fenāsın añdı mīr-i ʿāşıḳān,varise dehrüñ fenāsın añdı mīr-i ʿāşıḳān,varise dehrüñ fenāsın añdı mīr-i ʿāşıḳān,varise dehrüñ ḳabāsın aldı mīr-i ʿāşıḳān,varise dehrüñ fenāsın ṭuydı mīr-i ʿāşıḳān,varise dehrüñ fenāsın añdı mīr-i ʿāşıḳān,varise dehrüñ fenāsın añdı mīr-i ʿāşıḳān,varise dehrüñ fenāsın ṭuydı mīr-i ʿāşıḳān,varise dehrüñ fenāsın añdı mīr-i ʿāşıḳān,varise dehrüñ fenāsın añdı mīr-i ʿāşıḳān,varise dehrüñ fenāsın añdı mīr-i ʿāşıḳān,varise dehrüñ fenāsın añdı mīr-i ʿāşıḳān,varise dehrüñ fenāsın añdı mīr-i ʿāşıḳān,varise dehrüñ fenāsın añdı mīr-i ʿāşıḳān,varise dehrüñ fenāsın añdı mīr-i ʿāşıḳān,var ise dehrüñ fenāsın añdı mīr-i ʿāşıḳān,varise dehrüñ fenāsın añdı mīr-i ʿāşıḳān,varise dehrüñ fenāsın añdı mīr-i ʿāşıḳān,varise dehrüñ fenāsın ṭuydı mīr-i ʿāşıḳān,varise dehrüñ fenāsın añdı mīr-i ʿāşıḳān,varise dehrüñ fenāsın añdı mīr-i ʿāşıḳān,varise dehrüñ fenāsın añdı mīr-i ʿāşıḳān
salṭanat tācın geyen ʿālemde maġrūr olmasun ,salṭanat tācın geyen ʿālemde maġrūr olmasun ,salṭanat tācın geyen ʿālemde maġrūr olmasun ,salṭanat tācın geyen ʿālemde maġrūr olmasun ,salṭanat tācın geyen ʿālemde maġrūr olmasun ,salṭanat tācın geyen ʿālemde maġrūr olmasun ,salṭanat tācın geyürse baẖt maġrūr olma kim,salṭanat tācın geyen ʿālemde maġrūr olmasun ,salṭanat tācın geyen ʿālemde maġrūr olmasun ,salṭanat tācın geyen ʿālemde maġrūr olmasun ,salṭanat tācın geyen ʿālemde maġrūr olmasun ,salṭanat tācın geyen ʿālemde maġrūr olmasun ,salṭanat tācın geyen ʿālemde maġrūr olmasun ,salṭanat tācın geyen ʿālemde maġrūr olmasun ,salṭanat tācı geyürse baẖt maġrūr olma kim,salṭanat tācın geyen ʿālemde maġrūr olmasun ,salṭanat tācı geyürse baẖt maġrūr olma kim,salṭanat tācın geyen ʿālemde maġrūr olmasun ,salṭanat tācın geyen ʿālemde maġrūr olmasun ,salṭanat tācın geyürse baḥt maġrūr olma kim,salṭanat tācın giyürse baẖt maġrūr olma kim,salṭanat tācın geyen ʿālemde maġrūr olmasun 
niçe sulṭān börkin almışdur begüm bād-ı ẖazān ,niçe sulṭān börkin almışdur begüm bād-ı ẖazān ,niçe sulṭān börkin almışdur bād-ı ẖazān ,niçe sulṭān börkin almışdur begüm bād-ı ẖazān ,niçe sulṭān börkin almışdur begüm bād-ı ẖazān ,niçe sulṭān börkin almışdur begüm bād-ı ẖazān ,niçe sulṭān börkin almışdur begüm bād-ı ẖazān ,niçe sulṭān börkin almışdur begüm bād-ı ẖazān ,niçe sulṭān börkin almışdur begüm bād-ı ẖazān ,niçe sulṭān börkin almışdur begüm bād-ı ẖazān ,niçe sulṭān börkin almışdur begüm bād-ı ẖazān ,niçe sulṭān börkin almışdur begüm bād-ı ẖazān ,niçe sulṭān börkin almışdur begüm bād-ı ẖazān ,niçe sulṭān börkin almışdur begüm bād-ı ẖazān ,niçe sulṭān börkin almışdur begüm bād-ı ẖazān ,nice sulṭān börkin almışdur begüm bād-ı ẖazān ,niçe sulṭān börkin almışdur begüm bād-ı ẖazān ,niçe sulṭān börkin almışdur begüm bād-ı ẖazān ,niçe sulṭān börkin almışdur begüm bād-ı ẖazān ,niçe sulṭān börkin almışdur begüm bād-ı ẖazān ,niçe sulṭān börkin almışdur begüm bād-ı ẖazān ,niçe sulṭān börkin almışdur begüm bād-ı ẖazān 
gerçi merdāne ṣoyındı girdi meydāne dıraẖt ,gerçi merdāne ṣoyındı girdi meydāne dıraẖt ,gerçi meydāne ṣoyındı girdi meydāne dıraẖt ,gerçi merdāne ṣoyundı girdi meydāne dıraẖt ,gerçi meydāne ṣoyındı girdi merdāne dıraẖt ,gerçi merdāne ṣoyındı girdi meydāne dıraẖt ,gerçi merdāne ṣoyındı girdi meydāne dıraẖt ,gerçi merdāne ṣoyındı girdi meydāne dıraẖt ,gerçi merdāne ṣoyındı girdi meydāne dıraẖt ,gerçi merdāne ṣoyındı girdi meydāne dıraẖt ,gerçi meydāne ṣoyındı girdi merdāne dıraẖt ,gerçi merdāne ṣoyındı girdi meydāne dıraẖt ,gerçi merdāne ṣoyındı girdi meydāne dıraẖt ,gerçi merdāne ṣoyındı girdi meydāne dıraẖt ,gerçi meydāne ṣoyındı girdi merdāne dıraẖt ,gerçi meydāne ṣoyındı girdi meydāne dıraẖt ,gerçi merdāne ṣoyındı girdi meydāne dıraẖt ,gerçi merdāne ṣoyındı girdi meydāne dıraẖt ,gerçi meydāne ṣoyındı girdi merdāne dıraẖt ,gerçi merdāne ṣoyındı girdi meydāne dıraẖt ,gerçi merdāne ṣoyındı girdi meydāne dıraẖt ,gerçi merdāne ṣoyındı girdi meydāne dıraẖt 
geldi ḳış baṣdı velīkin virmedi aṣlā emān ,geldi ḳış baṣdı velīkin virmedi aṣlā emān ,geldi ḳış baṣdı velīkin virmedi aṣlā emān ,geldi ḳış baṣdı velīkin virmedi aṣlā emān ,geldi ḳış baṣdı velīkin virmedi aṣlā emān ,geldi ḳış baṣdı velīkin virmedi aṣlā emān ,geldi ḳış baṣdı velīkin virmedi emn ü emān ,geldi ḳış baṣdı velīkin virmedi aṣlā emān ,geldi ḳış baṣdı velīkin virmedi aṣlā emān ,geldi ḳış baṣdı velīkin virmedi aṣlā emān ,geldi ḳış baṣdı velīkin virmedi aṣlā emān ,geldi ḳış baṣdı velīkin virmedi aṣlā emān ,geldi ḳış baṣdı velīkin virmedi aṣlā emān ,geldi ḳış baṣdı velīkin virmedi aṣlā emān ,geldi ḳış baṣdı velīkin virmedi aṣlā emān ,geldi ḳış baṣdı velīkin virmedi aṣlā emān ,geldi ḳış baṣdı velīkin virmedi aṣlā emān ,geldi ḳış baṣdı velīkin virmedi aṣlā emān ,geldi ḳış baṣdı velīkin virmedi aṣlā emān ,geldi ḳış baṣdı velīkin virmedi aṣlā emān ,geldi ḳış baṣdı velīkin virmedi aṣlā emān ,geldi ḳış baṣdı velīkin virmedi aṣlā emān 
dest bürdi ṣarṣar āẖir görüp şāẖ-ı çenār ,dest bürd-i ṣarṣarı āẖir görüp şāẖ-ı çenār ,dest bürd-i ṣarṣarı āẖir görüp şāẖ-ı çenār ,dest bürd-i ṣarṣarı āẖir görüp şāẖ-ı çenār ,dest bürd-i ṣarṣarı āẖir görüp şāẖ-ı çenār ,dest bürd-i ṣarṣarı āẖir görüp şāẖ-ı çenār ,dest bürd-i ṣarṣarı āẖir görüp şāẖ-ı çenār ,dest bürd-i ṣarṣarı āẖir görüp şāẖ-ı çenār ,dest bürd-i ṣarṣarı āẖir görüp şāẖ-ı çenār ,dest bürd-i ṣarṣarı āẖir görüp şāẖ-ı çenār ,dest bürd-i ṣarṣarı āẖir görüp şāẖ-ı çenār ,dest bürd-i ṣarṣar āẖir görüp şāẖ-ı çenār ,dest bürd-i ṣarṣarı āẖir görüp şāẖ-ı çenār ,dest bürd-i ṣarṣarı āẖir görüp şāẖ-ı çenār ,dest bürd-i ṣarṣarı āẖir görüp şāẖ-ı çenār ,dest bürd-i ṣarṣar āẖir görüp şāẖ-ı çenār ,dest bürd-i ṣarṣarı āẖir görüp şāẖ-ı çenār ,dest bürd-i ṣarṣarı āẖir görüp şāẖ-ı çenār ,dest bürd-i ṣarṣarı āẖir görüp şāẖ-ı çenār ,dest bürd-i ṣarṣarı āẖir görüp şāẖ-ı çenār ,dest bürd-i ṣarṣarı āẖir görüp şāẖ-ı çenār ,dest bürd-i ṣarṣar āẖir görüp şāẖ-ı çenār 
didi el arḳası yirde āferīnler pehlevān ,didi el arḳası yirde āferīnler pehlevān ,didi el arḳası yirde āferīnler pehlevān ,didi el arḳası yirde āferīnler pehlevān ,didi el arḳası yirde āferīnler pehlevān ,didi el arḳası yirde āferīnler pehlevān ,didi el arḳası yirde āferīnler pehlevān ,didi el arḳası yirde āferīnler pehlevān ,didi el arḳası yirde āferīnler pehlevān ,didi el arḳası yirde āferīnler pehlevān ,didi el arḳası yirde āferīnler pehlevān ,didi el arḳası yirde āferīnler pehlevān ,didi el arḳası yirde āferīnler pehlevān ,didi el arḳası yirde āferīnler pehlevān ,didi el arḳası yirde āferīnler pehlevān ,didi el arḳası yirde āferīnler pehlevān ,didi el arḳası yirde āferīnler pehlevān ,didi el arḳası yirde āferīnler pehlevān ,didi el arḳası yirde āferīnler pehlevān ,didi el arḳası yirde āferīnler pehlevān ,didi el arḳası yirde āferīnler pehlevān ,didi el arḳası yirde āferīnler pehlevān 
jāle vü berg-i ẖazāndan pür zer ü gevher çemen ,jāle vü berg-i ẖazāndan pür zer ü gevher çemen ,jāle vü berg-i ẖazāndan pür zer ü gevher çemen ,jāle vü berg-i ẖazāndan pür zer ü gevher çemen ,jāle vü berg-i semenden pür zer ü gevher çemen ,jāle vü berg-i ẖazāndan pür zer ü gevher çemen ,jāle vü berg-i semenden pür dür ü gevher çemen ,jāle vü berg-i semendin pür zer ü gevher çemen ,jāle vü berg-i ẖazāndan pür zer ü gevher çemen ,jāle vü berg-i ẖazāndan pür zer ü gevher çemen ,jāle vü berg-i ẖazāndan pür zer ü gevher çemen ,jāle vü berg-i ẖazāndan pür zer ü gevher çemen ,jāle vü berg-i ẖazāndan pür zer ü gevher çemen ,jāle vü berg-i ẖazāndan pür zer ü gevher çemen ,jāle vü berg ü semenden pür zer ü gevher çemen ,jāle vü berg-i ẖazāndan pür zer ü gevher çemen ,jāle vü berg-i semenden pür zer ü gevher çemen ,jāle vü berg-i ẖazāndan pür zer ü gevher çemen ,jāle vü berg-i semenden pür zer ü gevher çemen ,jāle vü berg-i semenden pür zer ü gevher çemen ,jāle vü berg-i semenden pür zer ü gevher çemen ,jāle vü berg-i ẖazāndan pür zer ü gevher çemen 
gülşene varın niŝār itdi meger deryā vü kān ,gülşene varın niŝār itdi meger deryā vü kān ,gülşene varın niŝār itdi meger deryā vü kān ,gülşene varın niŝār itdi meger deryā vü kān ,gülşene varın niŝār itdi meger deryā vü kān ,gülşene varın niŝār itdi meger deryā vü kān ,gülşene varın niŝār itdi meger deryā vü kān ,gülşene varın niŝār itdi meger deryā vü kān ,gülşene varın niŝār itdi meger deryā vü kān ,gülşene varın niŝār itdi meger deryā vü kān ,gülşene varın niŝār itdi meger deryā vü kān ,gülşene varın niŝār itdi meger deryā vü kān ,gülşene varın niŝār itdi meger deryā vü kān ,gülşene varın niŝār itdi meger deryā vü kān ,gülşene varın niŝār itdi meger deryā vü kān ,gülşene varın niŝār itdi meger deryā vü kān ,gülşene varın niŝār itdi meger deryā vü kān ,gülşene varın niŝār itdi meger deryā vü kān ,gülşene varın niŝār itdi meger deryā vü kān ,gülşene varın niŝār itdi meger deryā vü kān ,gülşene varın niŝār itdi meger deryā vü kān ,gülşene varın niŝār itdi meger deryā vü kān 
gevher-i sīrāb şebnem gūşvār-ı zer varaḳ ,gevher-i sīrāb şebnem gūşvār-ı zer varaḳ ,gevher-i sīrāb şebnem gūşvār-ı zer varaḳ ,gevher-i sīrāb şebnem gūşvār-ı zer varaḳ ,gevher-i sīrāb şebnem gūşvār-ı zer varaḳ ,gevher-i sīrāb şebnem gūşvār-ı zer varaḳ ,gevher-i sīrāb şebnem gūşvāre zer varaḳ ,gevher-i sīrāb şebnem gūşvār-ı zer varaḳ ,gevher-i sīrāb şebnem gūşvār-ı zer varaḳ ,gevher-i sīrāb şebnem gūşvār-ı zer varaḳ ,gevher-i sīrāb şebnem gūşvār-ı zer varaḳ ,gevher-i sīrāb şebnem gūşvār-ı zer varaḳ ,gevher-i sīrāb şebnem gūşvār-ı zer varaḳ ,gevher-i sīrāb şebnem gūşvār-ı zer varaḳ ,gevher-i sīrāb şebnem gūşvāre her varaḳ ,gevher-i sīrāb şebnem gūşvār-ı zer varaḳ ,gevher-i sīrāb şebnem gūşvāre her varaḳ ,gevher-i sīrāb şebnem gūşvāra zer varaḳ ,gevher-i sīrāb şebnem gūşvār-ı zer varaḳ ,gevher-i sīrāb şebnem gūşvāre her varaḳ ,,gevher-i sīrāb şebnem gūşvār-ı zer varaḳ 
ṣaḥn-ı būstān oldı gūyā çārsūy-ı zer gerān ,ṣaḥn-ı büstān oldı gūyā çārsūy-ı zer gerān ,ṣaḥn-ı büstān oldı gūyā çārsūy-ı zer gerān ,ṣaḥn-ı büstān oldı gūyā çārsūy-ı zer gerān ,ṣaḥn-ı büstān oldı gūyā çārsūy-ı zer gerān ,ṣaḥn-ı büstān oldı gūyā çārsūy-ı zer gerān ,ṣaḥn-ı büstān oldı gūyā çārsūy-ı zer gerān ,ṣaḥn-ı büstān oldı gūyā çārsūy-ı zer gerān ,ṣaḥn-ı büstān oldı gūyā çārsūy-ı zer gerān ,ṣaḥn-ı büstān oldı gūyā çārsūy-ı zer gerān ,ṣaḥn-ı büstān oldı gūyā çārsūy-ı zer gerān ,ṣaḥn-ı büstān oldı gūyā çārsūy-ı zer gerān ,ṣaḥn-ı büstān oldı gūyā çārsūy-ı zer gerān ,ṣaḥn-ı büstān oldı gūyā çārsūy-ı zer gerān ,ṣaḥn-ı büstān oldı gūyā çārsūy-ı zer gerān ,ṣaḥn-ı büstān oldı gūyā çārsūy-ı zer gerān ,ṣaḥn-ı büstān oldı gūyā çārsūy-ı zer gerān ,ṣaḥn-ı büstān oldı gūyā çārsūy-ı zer gerān ,ṣaḥn-ı büstān oldı gūyā çārsūy-ı zer gerān ,ṣaḥn-ı büstān oldı gūyā çārsūy-ı zer gerān ,bir yeşil ġarrā zer efşān kāġıẕ olmışdur çemen ,ṣaḥn-ı büstān oldı gūyā çārsūy-ı zer gerān 
şöyle beñzer kim ẖaṭ-ı āyāt-ı raḥmetdür çemen,şöyle beñzer kim ẖaṭ-ı āyāt-ı raḥmetdür çemen,şöyle beñzer kim ẖaṭ-ı āyāt-ı raḥmetdür çemen,şöyle beñzer kim ẖaṭ-ı āyāt-ı raḥmetdür çemen,şöyle beñzer kim ẖaṭ-ı āyāt-ı raḥmetdür çemen,şöyle beñzer kim ẖaṭ-ı āyāt-ı raḥmetdür çemen,bir yeşil ġarrā zer efşān kāġıd olmışdur çemen,şöyle beñzer kim ẖaṭ-ı āyāt-ı raḥmetdür çemen,şöyle beñzer kim ẖaṭ-ı āyāt-ı raḥmetdür çemen,şöyle beñzer kim ẖaṭ-ı āyāt-ı raḥmetdür meger,şöyle beñzer kim ẖaṭ-ı āyāt-ı raḥmetdür çemen,şöyle beñzer kim ẖaṭ-ı āyāt-ı raḥmetdür çemen,şöyle beñzer kim ẖaṭ-ı āyāt-ı raḥmetdür çemen,şöyle beñzer kim ẖaṭ-ı āyāt-ı raḥmetdür çemen,bir yeşil ġarrā zer efşān kāġıẕ olmışdur çemen ,şöyle beñzer kim ẖaṭ-ı āyāt-ı raḥmetdür çemen,bir yeşil ġarrā zer efşān kāġıẕ olmışdur çemen ,şöyle beñzer kim ẖaṭ-ı āyāt-ı raḥmetdür çemen,şöyle beñzer kim ẖaṭ-ı āyāt-ı raḥmetdür çemen,bir yeşil ġarrā zer efşān kāġıd olmışdur çemen,,şöyle beñzer ki ẖaṭ-ı āyāt-ı raḥmetdür çemen
bād-ı ṣubḥ itmişdür altun ḥallile yir yir nişān ,bād-ı ṣubḥ itmişdür altun ḥallile yir yir nişān ,bād-ı ṣubḥ itmişdür altun yir yir nişān ,bād-ı ṣubḥ itmişdür altun ḥallile yir yir nişān ,bād-ı ṣubḥ itmişdür altun ḥallile yir yir nişān ,bād-ı ṣubḥ itmişdür altun ḥallile yir yir nişān ,yaraşur yazılsa ger medḥ-i ŝenā-yı nüktedān,bād-ı ṣubḥ itmişdi altun ḥallile yir yir nişān ,bād-ı ṣubḥ itmişdür altun ḥallile yir yir nişān ,bād-ı ṣubḥ itmişdür altun ḥallile yir yir nişān ,bād-ı ṣubḥ itmişdür altun ḥallile yir yir nişān ,bād-ı ṣubḥ itmişdür altun ḥallile yir yir nişān ,bād-ı ṣubḥ itmişdür altun ḥallile yir yir nişān ,bād-ı ṣubḥ itmişdür altun ḥallile yir yir nişān ,yaraşur yazılsa ger medh idüp ānı nüktedān,bād-ı ṣubḥ itmişdür altun ḥallile yir yir nişān ,yaraşur yazılsa ger medh idüp ānı nüktedān,bād-ı ṣubḥ itmişdür altun ḥallile yir yir nişān ,bād-ı ṣubḥ itmişdür altun ḥallile yir yir nişān ,yaraşur yazılsa ger medḥ idüp anı nüktedān,yaraşur yazılsa ger medḥ-i emīr-i nüktedān,bād-ı ṣubḥ itmişdür altun ḥallile yir yir nişān 
ḫʷāce-i ʿālī naẓar ser çeşme-i fażl u hüner,ḫʷāce-i ʿālī naẓar ser çeşme-i fażl u hüner,ḫʷāce-i ʿālī naẓar ser çeşme-i fażl u hüner,ḫʷāce-i ʿālī naẓar ser çeşme-i fażl u hüner,ḫʷāce-i ʿālī naẓar ser çeşme-i fażl u hüner,ḫʷāce-i ʿālī naẓar ser çeşme-i fażl u hüner,ḫʷāce-i ʿālī naẓar ser çeşme-i fażl u hüner,ḫʷāce-i ʿālī naẓar ser çeşme-i fażl u hüner,ḫʷāce-i ʿālī naẓar ser çeşme-i fażl u hüner,ḫʷāce-i ʿālī naẓar ser çeşme-i fażl u hüner,ḫʷāce-i ʿālī naẓar ser çeşme-i fażl u hüner,ḫʷāce-i ʿālī naẓar ser çeşme-i fażl u hüner,ḫʷāce-i ʿālī naẓar ser çeşme-i fażl u hüner,ḫʷāce-i ʿālī naẓar ser çeşme-i fażl u hüner,ḫʷāce-i ʿālī naẓar ser çeşme-i fażl u hüner,ḫʷāce-i ʿālī naẓar ser çeşme-i fażl u hüner,ḫʷāce-i ʿālī naẓar ser çeşme-i fażl u hüner,ḫʷāce-i ʿālī naẓar ser çeşme-i fażl u hüner,ḫʷāce-i ʿālī naẓar ser çeşme-i fażl u hüner,ḫʷāce-i ʿālī naẓar ser çeşme-i fażl u hüner,ḫʷāce-i ʿālī naẓar ser çeşme-i fażl u hüner,ḫʷāce-i ʿālī naẓar ser çeşme-i fażl u hüner
dāver-i ferẖunde aḥter kāmbaẖş u kāmrān ,dāver-i ferẖunde aẖter kāmbaẖş u kāmrān ,dāver-i ferẖunde aẖter kāmbaẖş u kāmrān ,ḥażret-i baba efendi kām baẖş u kāmrān ,ḥażret-i baba efendi kāmbaẖş u kāmrān ,dāver-i ferẖunde aẖter kāmbaẖş u kāmrān ,ḥażret-i baba efendi kāmbaẖş u kāmrān,ḥażret-i baba efendi kāmbīn u kāmrān ,dāver-i ferẖunde aẖter kāmbaẖş u kāmrān ,dāver-i ferẖunde aẖter kāmbaẖş u kāmrān ,dāver-i ferẖunde aẖter kāmbaẖş u kāmrān ,dāver-i ferẖunde aẖter kāmbaẖş u kāmrān ,dāver-i ferẖunde aẖter kāmbaẖş u kāmrān ,dāver-i ferẖunde aẖter kāmbaẖş u kāmrān ,hażret-i baba efendi kāmbaẖş u kāmrān ,dāver-i ferẖunde aẖter kāmbaẖş u kāmrān ,hażret-i baba efendi kāmbaẖş u kāmrān ,(dāver-i ferẖunde aẖter kāmbaẖş u kāmrān) ,ḥażret-i baba efendi kāmbaẖş u kāmrān ,ḥażret-i baba efendi kām baẖş ü kāmrān,ḥażret-i bābā efendi kāmbaẖş u kāmrān ,dāver-i ferẖunde aẖter kāmbaẖş u kāmrān 
āfitāb-ı ʿālem ārā-yı sipihr-i fażl o kim ,āfitāb-ı ʿālem ārā-yı sipihr-i fażl o kim ,āfitāb-ı ʿālem ārā-yı sipihr-i fażl o kim ,āfitāb-ı ʿālem ārā-yı sipihr ü fażl o kim ,āfitāb-ı ʿālem ārā-yı sipihr ü fażl o kim ,āfitāb-ı ʿālem ārā-yı sipihr ü fażl o kim ,āfitāb-ı ʿālem ārā-yı sipihr-i fażl o kim ,āfitāb-ı ʿālem ārā-yı sipihr-i fażl o kim ,āfitāb-ı ʿālem ārā-yı sipihr-i fażl o kim ,āfitāb-ı ʿālem ārā-yı sipihr-i fażl o kim ,āfitāb-ı ʿālem ārā-yı sipihr fażl o kim ,āfitāb-ı ʿālem ārā-yı sipihr-i fażl o kim ,āfitāb-ı ʿālem ārā-yı sipihr-i fażl o kim ,āfitāb-ı ʿālem ārā-yı sipihr-i fażl o kim ,āfitāb-ı ʿālem ārā-yı sipihr-i fażl o kim ,āfitāb-ı ʿālem ārā-yı sipihr-i fażl o kim ,āfitāb-ı ʿālem ārā-yı sipihr-i fażl o kim ,āfitāb-ı ʿālem ārā-yı sipihr-i fażl o kim ,āfitāb-ı ʿālem ārā-yı sipihr-i fażl o kim ,āfitāb-ı ʿālem ārā-yı sipihr-i fażl o kim ,āfitāb-ı ʿālem ārā-yı sipihr-i fażl o kim ,āfitāb-ı ʿālem ārā-yı sipihr-i fażl o kim 
buldı reˀy-i enveri feyżiyle nūr-ı fer cihān ,buldı reˀy-i enveri feyżiyle nūr u fer cihān ,buldı reˀy-i enver-i feyżiyle nūr u fer cihān ,buldı reˀy-i enverī feyżiyle nūr u fer cihān ,buldı reˀy-i enveriyle nūr u fer rūy-ı cihān ,buldı reˀy-i enver-i feyżiyle nūr u fer cihān ,buldı reˀy-i enver-i feyż ile nūr fer rūy-ı cihān ,buldı reˀy-i enveri fażlıyla nūr u fer rūy-ı cihān ,buldı reˀy-i enveri fażlıyla nūr u fer rūy-ı cihān ,buldı reˀy-i enveri fażlıyla nūr fer cihān ,buldı reˀy-i enveri feyżiyle nūr u fer cihān ,buldı reˀy-i enveri feyżiyle nūr u fer cihān ,buldı reˀy-i enveri feyżiyle nūr u fer cihān ,buldı reˀy-i enveri fażlıyla nūr u fer cihān ,buldı reˀy-i feyżiyle nūr u fer rūy-ı cihān ,buldı reˀy-i enveri feyżiyle nūr u fer cihān ,buldı reˀy-i feyżiyle nūr u fer rūy-ı cihān ,buldı reˀy-i enveri feyżiyle nūr u fer cihān ,buldı reˀy-i enveriyle nūr u fer rūy-ı cihān ,buldı reˀy-i feyżi ile nūr u fer rūy-ı cihān ,buldı reˀy-i  feyżiyle nūr fer dīn-i (?) cihān ,buldı reˀy-i enveri feyżiyle nūr u fer cihān 
ayaġı ṭoprāġıdur küḥl-i cevāhir encüme ,ayaġı ṭoprāġıdur küḥl-i cevāhir encüme ,ayaġı ṭoprāġıdur küḥl-i cevāhir encüme ,ayaġı ṭoprāġıdur küḥl-i cevāhir encüme ,ayaġı ṭoprāġıdur küḥl-i cevāhir encüme ,ayaġı ṭoprāġıdur küḥl-i cevāhir encüme ,ayaġı ṭoprāġıdur küḥl-i cevāhir encüme ,ayaġı ṭoprāġıdur küḥl-i cevāhir encüme ,ayaġı ṭoprāġıdur küḥl-i cevāhir encüme ,ayaġı ṭoprāġıdur küḥl-i cevāhir encüme ,ayaġı ṭoprāġıdur küḥl-i cevāhir encüme ,ayaġı ṭoprāġıdur küḥl-i cevāhir encüme ,ayaġı ṭoprāġıdur küḥl-i cevāhir encüme ,ayaġı ṭoprāġıdur küḥl-i cevāhir encüme ,ayaġı ṭoprāġıdur küḥl-i cevāhir encüme ,ayaġı ṭopraġıdur küḥl-i cevāhir encüme ,ayaġı ṭoprāġıdur küḥl-i cevāhir encüme ,ayaġı ṭoprāġıdur küḥl-i cevāhir encüme ,ayaġı ṭoprāġıdur küḥl-i cevāhir encüme ,ayaġı ṭopraġıdur küḥl-i cevāhir encüme ,ayaġı ṭoprāġıdur küḥl-i cevāhir encüme ,ayaġı ṭopraġıdur küḥl-i cevāhir encüme 
āsitānı ẖākidür iklīl-i farḳ-ı farḳadān ,āsitānı ẖākidür iklīl-i farḳ-ı farḳadān ,āsitānı ẖākidür iklīl-i farḳ-ı farḳadān ,āsitānı ẖākidür iklīl-i farḳ-ı farḳadān ,āsitānı ẖākidür iklīl-i farḳ-ı farḳadān ,āsitānı ẖākidür iklīl-i farḳ-ı farḳadān ,āsitānı ẖākidür iklīl-i farḳ-ı farḳadān ,āsitānı ẖākidür iklīl-i farḳ-ı farḳadān ,āsitānı ẖākidür iklīl-i farḳ-ı farḳadān ,āsitānı ẖākidür iklīl-i farḳ-ı farḳadān ,āsitānı ẖākidür iklīl-i farḳ-ı farḳadān ,āsitānı ẖākidür iklīl-i farḳ-ı farḳadān ,āsitānı ẖākidür iklīl-i farḳ-ı farḳadān ,āsitānı ẖākidür iklīl-i farḳ-ı farḳadān ,āsitānı ẖākidür iklīl-i farḳ-ı farḳadān ,āsitānı ẖākidür iklīl-i farḳ-ı farḳadān ,āsitānı ẖākidür iklīl-i farḳ-ı farḳadān ,āsitānı ẖākidür iklīl-i farḳ-ı farḳadān ,āsitānı ẖākidür iklīl-i farḳ-ı farḳadān ,āsitānı ẖākidür iklīl-i farḳ-ı farḳadān ,āsitānı ẖākidür iklīl-i farḳ-ı farḳadān ,āsitānı ẖākidür iklīl-i farḳ-ı farḳadān 
rūzgāruñ şiddetinden gülşen-i baẖt ṣun,rūzgāruñ şiddetinden gülşen-i baẖtı maṣūn ,rūzgāruñ şiddetinden gülşen-i baẖtı maṣūn ,rūzgāruñ şiddetinden ġonçe-i baẖtı maṣūn ,rūzgāruñ şiddetinden gülşen-i baẖtı maṣūn ,rūzgāruñ şiddetinden gülşen-i baẖtı maṣūn ,rūzgāruñ şiddetinden gülşen-i baẖtı maṣūn ,rūzgāruñ şiddetinden gülşen-i baẖtı maṣūn ,rūzgāruñ şiddetinden gülşen-i baẖtı maṣūn ,rūzgāruñ şiddetinden gülşen-i baẖtı maṣūn ,rūzgāruñ şiddetinden gülşen-i baẖtı maṣūn ,rūzgāruñ şiddetinden gülşen-i baẖtı maṣūn ,rūzgāruñ şiddetinden gülşen-i baẖtı maṣūn ,rūzgāruñ şiddetinden gülşen-i baẖtı maṣūn ,rūzgāruñ şiddetinden gülşen-i baẖtı maṣūn ,rūzgāruñ şiddetinden gülşen-i baẖtı maṣūn ,rūzgāruñ şiddetinden gülşen-i baẖtı maṣūn ,rūzgāruñ şiddetinden gülşen-i baẖtı maṣūn ,rūzgāruñ şiddetinden gülşen-i baẖtı maṣūn ,rūzgāruñ şiddetinden gülşen-i baẖtı maṣūn ,rūzgāruñ şiddetinden gülşen-i baẖtı maṣūn ,rūzgāruñ şiddetinden gülşen-i baẖt maṣūn 
nitekim bād-ı ẖazāndan ṣaḥn-ı gülzār-ı cinān ,nitekim bād-ı ẖazāndan ṣaḥn-ı gülzār-ı cinān ,nitekim bād-ı ẖazāndan ṣaḥn-ı gülzār-ı cinān ,nitekim bād-ı ẖazāndan ṣaḥn-ı gülzār-ı cinān ,nitekim bād-ı ẖazāndan bāġ-ı gülzār-ı cinān ,nitekim bād-ı ẖazāndan ṣaḥn-ı gülzār-ı cinān ,nitekim bād-ı ẖazāndan bāġ-ı gülzār-ı cinān ,nitekim bād-ı ẖazāndan bāġ-ı gülzār-ı cinān ,nitekim bād-ı ẖazāndan ṣaḥn-ı gülzār-ı cinān ,nitekim bād-ı ẖazāndan ṣaḥn-ı gülzār-ı cinān ,nitekim bād-ı ẖazāndan bāġ-ı gülzār-ı cinān ,nitekim bād-ı ẖazāndan ṣaḥn-ı gülzār-ı cinān ,nitekim bād-ı ẖazāndan ṣaḥn-ı gülzār-ı cinān ,nitekim bād-ı ẖazāndan ṣaḥn-ı gülzār-ı cinān ,nitekim bād-ı ẖazāndan bāġ-ı gülzār-ı cinān ,nitekim bād-ı ẖazāndan ṣaḥn-ı gülzār-ı cinān ,nitekim bād-ı ẖazāndan bāġ-ı gülzār-ı cinān ,nitekim bād-ı ẖazāndan ṣaḥn-ı gülzār-ı cinān ,nitekim bād-ı ẖazāndan bāġ-ı gülzār-ı cinān ,nitekim bād-ı ẖazāndan bāġ-ı gülzār-ı cinān ,nitekim bād-ı ẖazāndan bāġ-ı gülzār-ı cinān ,nitekim bād-ı ẖazāndan ṣaḥn-ı gülzār-ı cinān 
ṣafḥa-i āyīne-i ʿālem nümā-yı ṭabʿına ,ṣafḥa-i āyīne-i ʿālem nümā-yı ṭabʿına ,ṣafḥa-i āyīne-i ʿālem nümā-yı ṭabʿına ,ṣafḥa-i āyīne-i ʿālem nümā-yı ṭabʿına ,ṣafḥa-i āyīne-i ʿālem nümā-yı ṭabʿına ,ṣafḥa-i āyīne-i ʿālem nümā-yı ṭabʿına ,ṣafḥa-i āyīne-i ʿālemnümā-yı ṭabʿına ,ṣafḥa-i āyīne-i ʿālem nümā-yı ṭabʿına ,ṣafḥa-i āyīne-i ʿālem nümā-yı ṭabʿına ,ṣafḥa-i āyīne-i ʿālem nümā-yı ṭabʿına ,ṣafḥa-i āyīne-i ʿālem nümā-yı ṭabʿına ,ṣafḥa-i āyīne-i ʿālem nümāyı ṭabʿına ,ṣafḥa-i āyīne-i ʿālem nümā-yı ṭabʿına ,ṣafḥa-i āyīne-i ʿālem nümā-yı ṭabʿına ,ṣafḥa-i āyīne-i ʿālem nümā-yı ṭabʿına ,ṣafḥa-i āyīne-i ʿālem nümā-yı ṭabʿına ,ṣafḥa-i āyīne-i ʿālem nümā-yı ṭabʿına ,ṣafḥa-i āyīne-i ʿālem nümā-yı ṭabʿına ,ṣafḥa-i āyīne-i ʿālem nümā-yı ṭabʿına ,ṣafḥa-i ʿālem nümā-yı āyīne ṭabʿına hep,ṣafḥa-i āyīne-i ʿālem nümā-yı ṭabʿına ,ṣafḥa-i āyīne-i ʿālem nümā-yı ṭabʿına 
cümle-i dünyā vü mā fīhā muṣavverdür ʿayān ,cümle-i dünyā mā fīhādan muṣavverdür ʿayān ,cümle-i dünyā vü mā fīhā muṣavverdür ʿayān ,cümle-i dünyā vü mā fīhā muṣavverdür ʿayān ,cümle-i dünyā vü mā fīhā muṣavverdür cihān ,cümle-i dünyā vü mā fīhā muṣavverdür ʿayān ,cümle-i dünyā vü mā fīhā muṣavverdür ʿayān ,cümle-i dünyā vü mā fīhā muṣavverdür hemān ,cümle-i dünyā vü mā fīhā muṣavverdür ʿayān ,cümle-i dünyā vü mā fīhā muṣavverdür ʿayān ,cümle-i dünyā vü mā fīhā muṣavverdür hemān,cümle-i dünyā vü mā fīhā muṣavverdür ʿayān ,cümle-i dünyā vü mā fīhā muṣavverdür ʿayān ,cümle-i dünyā vü mā fīhā muṣavverdür ʿayān ,cümle-i dünyā vü mā fīhā muṣavverdür hemān ,cümle-i dünyā vü mā fīhā muṣavverdür ʿayān ,cümle-i dünyā vü mā fīhā muṣavverdür hemān ,cümle-i dünyā vü mā fīhā muṣavverdür ʿayān ,cümle-i dünyā vü mā fīhā muṣavverdür cihān ,cümle-i dünyā vü mā fīhā muṣavverdür hemān ,cümle-i dünyā vü mā fīhā muṣavverdür hemān ,cümle-i dünyā vü mā fīhā muṣavverdür ʿayān 
rāh-ı bāġa berg-i zer düşmiş degüldür serverā ,rāh-ı bāġa berg-i zer düşmiş degüldür serverā ,rāh-ı bāġa berg-i zer düşmiş degüldür serverā ,rāh-ı bāġa berg-i zer düşmiş degüldür serverā ,rāh-ı bāġa berg-i zer düşmiş degüldür serverā ,rāh-ı bāġa berg-i zer düşmiş degüldür serverā ,rāh-ı bāġa berg-i zer düşmiş degüldür serverā ,rāh-ı bāġa berg-i zer düşmiş degüldür serverā ,rāh-ı bāġa berg-i zer düşmiş degüldür serverā ,rāh-ı bāġa berg-i zer düşmiş degüldür serverā ,rāh-ı bāġa berg-i zer düşmiş degüldür serverā ,rāh-ı bāġa berg-i zer düşmiş degüldür serverā ,rāh-ı bāġa berg-i zer düşmiş degüldür serverā ,rāh-ı bāġa berg-i zer düşmiş degüldür serverā ,rāh-ı bāġa berg-i zer düşmiş degüldür serverā ,rāh-ı bāġa berg-i zer düşmiş degüldür serverā ,rāh-ı bāġa berg-i zer düşmiş degüldür serverā ,rāh-ı bāġa berg-i zer düşmiş degüldür serverā ,rāh-ı bāġa berg-i zer düşmiş degüldür serverā ,rāh-ı bāġa berg-i zer düşmiş degüldür serverā ,rāh-ı bāġa berg-i zer düşmiş degüldür serverā ,rāh-ı bāġa berg-i zer düşmiş degüldür serverā 
rehgüẕāruñda yüzin ferş itdi māh-ı āsmān,rehgüẕāruñda yüzin ferş itdi māh-ı āsmān,rehgüẕāruñda yüzin ferş itdi māh-ı āsmān,rehgüẕāruñda yüzin ferş itdi māh-ı āsmān,rehgüẕāruñda yüzin ferş itdi māh-ı āsmān,rehgüẕāruñda yüzin ferş itdi māh-ı āsmān,rehgüẕāruñda yüzin ferş itdi māh-ı āsmān,rehgüẕāruñda yüzin ferş itdi māh-ı āsmān,rehgüẕāruñda yüzin ferş itdi māh-ı āsmān,rehgüẕāruñda yüzin ferş itdi māh-ı āsmān,rehgüẕāruñdan yüzin ferş itdi māh-ı āsmān,rehgüẕāruñda yüzin ferş itdi māh-ı āsmān,rehgüẕāruñda yüzin ferş itdi māh-ı āsmān,rehgüẕāruñda yüzin ferş itdi māh-ı āsmān,rehgüẕāruñda yüzin ferş itdi māh-ı āsmān,rehgüẕāruñda yüzin ferş itdi māh-ı āsmān,rehgüẕāruñda yüzin ferş itdi māh-ı āsmān,rehgüẕāruñda yüzin ferş itdi māh-ı āsmān,rehgüẕāruñda yüzin ferş itdi māh-ı āsmān,rehgüẕāruñda yüzin ferş itdi māh-ı āsmān,rehgüẕāruñda yüzin ferş itdi māh-ı āsmān,reh güẕāruñda yüzin ferş itdi māh-ı āsmān
eyleyüpdür feyż-i ẖūrşīd-i kemāl-i ṣunʿile ,eyleyüpdür feyż-i ẖūrşīd-i kemāl-i ṣunʿile ,eyleyüpdür feyż-i ẖūrşīd-i kemāl-i ṣunʿile ,eyleyüpdür feyż-i ẖūrşīd-i kemāl-i ṣunʿile ,eyleyüpdür feyż-i cūdından kemāl-i ṣunʿile ,eyleyüpdür feyż-i ẖūrşīd-i kemāl-i ṣunʿile ,eyleyüpdür feyż-i cūdından kemāl-i ṣunʿile ,eyleyüpdür feyż-i cevrinden kemāl-i ṣunʿile ,eyleyüpdür feyż-i cūdından kemāl-i ṣunʿile ,eyleyüpdür feyż-i ẖūrşīd-i kemāl-i ṣunʿile ,eyleyüpdür feyż-i cūdından kemāl-i ṣunʿile ,eyleyüpdür feyż-i ẖūrşīd-i kemāl-i ṣunʿile ,eyleyüpdür feyż-i cūdından kemāl-i ṣunʿile ,eyleyüpdür feyż-i ẖūrşīd-i kemāl-i ṣunʿile ,eyleyüpdür feyż-i cūdından kemāl-i ṣunʿile ,eyleyüpdür feyż-i ẖūrşīd-i kemāl-i ṣunʿile ,eyleyüpdür feyż-i cūdından kemāl-i ṣunʿile ,eyleyüpdür fażl-ı ẖūrşīd kemāl-i ṣunʿile ,eyleyüpdür feyż-i cūdından kemāl-i ṣunʿile ,eyleyüpdür feyż-i cūdından kemāl-i ṣunʿile ,eyleyüpdür fażl u cūdından kemāl-i ṣunʿile ,eyleyüpdür feyż-i ẖūrşīd-i kemāl-i ṣunʿile 
ẕāt-i pāküñ gevherin perverde kān-ı kün fekān ,ẕāt-i pāküñ gevherin perverde kān-ı kün fekān ,ẕāt-i pāküñ gevherin perverde kān-ı fekān ,ẕāt-i pāküñ gevherin perverdigār-ı kün fekān ,ẕāt-i pāküñ gevherin perverde kān-ı kün fekān ,ẕāt-i pāküñ gevherin perverde kān-ı fekān ,ẕāt-i pāküñ gevherin perverde kān-ı künfekān ,ẕāt-i pāküñ gevherin perverdigār-ı kün fekān ,ẕāt-i pāküñ gevherin perverde kān-ı kün fekān ,ẕāt-i pāküñ gevherin perverde kān-ı kün fekān ,ẕāt-i pāküñ gevherin perverde kān-ı kün fekān ,ẕāt-i pāküñ gevherin perverde kān-ı kün fekān ,ẕāt-i pāküñ gevherin perverde kān-ı kün fekān ,ẕāt-i pāküñ gevherin perverde kān-ı kün fekān ,ẕāt-i pāküñ gevherin perverdekār-ı kün fekān ,ẕāt-i pāküñ gevherin perverde kān-ı kün fekān ,ẕāt-i pāküñ gevherin perverdekār-ı kün fekān ,ẕāt-i pāküñ gevherin perverde kān-ı kün fekān ,ẕāt-i pāküñ gevherin perverdigār-ı kün fekān ,ẕāt-i pāküñ gevherin perverde kān-ı kün fekān ,ẕāt-i pāküñ gevherin perverdigār-ı kün fekān ,ẕāt-i pāküñ gevherin perverde kān-ı kün fekān 
meclisüñde ḳalbi altun gibi ṣāfī olmayan ,meclisüñde ḳalbi altun gibi ṣāfī olmayan ,meclisüñde ḳalbi altun gibi ṣāfī olmayan ,meclisüñde ḳalbi altun gibi ṣāfī olmayan ,meclisüñde ḳalbi ṣāfī olmayan altun gibi,meclisüñde ḳalbi altun gibi ṣāfī olmayan ,meclisüñde ḳalbi altun gibi ṣāfī olmayan ,meclisüñde ḳalbi altun gibi ṣāfī olmayan ,meclisüñde ḳalbi altun gibi ṣāfī olmayan ,meclisüñde ḳalbi altun gibi ṣāfī olmayan ,meclisüñde ḳalbi altun gibi ṣāfī olmayan ,meclisüñde ḳalbi altun gibi ṣāfī olmayan ,meclisüñde ḳalbi altun gibi ṣāfī olmayan ,meclisüñde ḳalbi altun gibi ṣāfī olmayan ,meclisüñde ḳalbi altun gibi ṣāfī olmayan ,meclisüñde ḳalbi altun gibi ṣāfī olmayan ,meclisüñde ḳalbi altun gibi ṣāfī olmayan ,meclisüñde ḳalbi altun gibi ṣāfī olmayan ,meclisüñde ḳalbi altun gibi ṣāfī olmayan ,meclisüñde ḳalbi altun gibi ṣāfī olmayan ,meclisüñde ḳalbi altun gibi ṣāfī olmayan ,meclisüñde ḳalbi altun gibi ṣāfī olmayan 
ḳāl ocaġında ẖalāṣ olmaz ḳılursañ imtiḥān ,ḳāl ocaġında ẖalāṣ olmaz iderseñ imtiḥān ,ḳāl ocaġından ẖalāṣ olmaz ḳılursañ imtiḥān ,ḳāl ocaġından ẖalāṣ olmaz ḳılursañ imtiḥān ,ḳāl ocaġından ẖalāṣ olmaz ḳılursañ imtiḥān ,ḳāl ocaġından ẖalāṣ olmaz ḳılursañ imtiḥān ,ḳāl ocaġından ẖalāṣ olmaz iderseñ imtiḥān ,ḳāl ocaġından ẖalāṣ olmaz ḳılursañ imtiḥān ,ḳāl ocaġından ẖalāṣ olmaz ḳılursañ imtiḥān ,ḳāl ocaġında ẖalāṣ olmaz ḳılursañ imtiḥān ,ḳāl ocaġından ẖalāṣ olmaz ḳılursañ imtiḥān ,ḳāl ocaġından ẖalāṣ olmaz ḳılursañ imtiḥān ,ḳāl ocaġından ẖalāṣ olmaz ḳılursañ imtiḥān ,ḳāl ocaġından ẖalāṣ olmaz ḳılursañ imtiḥān ,ḳāl ocaġında ẖalāṣ olmaz iderseñ imtiḥān ,ḳāl ocaġında ẖalāṣ olmaz ḳılursañ imtiḥān ,ḳāl ocaġında ẖalāṣ olmaz iderseñ imtiḥān ,ḳāl ocaġından ẖalāṣ olmaz ḳılursañ imtiḥān ,ḳāl ocaġından ẖalāṣ olmaz ḳılursañ imtiḥān ,ḳāl ocaġında ẖalāṣ olmaz iderseñ imtiḥān ,ḳāl ocaġında ẖalāṣ olmaz iderseñ imtiḥān ,ḳāl ocaġında ẖalāṣ olmaz ḳılursañ imtiḥān 
āfet-i bād-ı ẖazāndan tā ebed maḥfūẓ olur ,āfet-i bād-ı ẖazāndan tā ebed maḥfūẓ olur ,āfet-i bād-ı ẖazāndan tā ebed maḥfūẓ olur ,āfet-i bād-ı ẖazāndan tā ebed maḥfūẓ olur ,āfet-i bād-ı ẖazāndan tā ebed maḥfūẓ olur ,āfet-i bād-ı ẖazāndan tā ebed maḥfūẓ olur ,āfet-i bād-ı ẖazāndan tā ebed maḥfūẓ olur ,āfet-i bād-ı ẖazāndan tā ebed maḥfūẓ olur ,āfet-i bād-ı ẖazāndan tā ebed maḥfūẓ olur ,āfet-i bād-ı ẖazāndan tā ebed maḥfūẓ olur ,āfet-i bād-ı ẖazāndan tā ebed maḥfūẓ olur ,āfet-i bād-ı ẖazāndan tā ebed maḥfūẓ olur ,āfet-i bād-ı ẖazāndan tā ebed maḥfūẓ olur ,āfet-i bād-ı ẖazāndan tā ebed maḥfūẓ olur ,āfet-i bād-ı ẖazāndan tā ebed maḥfūẓ olur ,āfet-i bād-ı ẖazāndan tā ebed maḥfūẓ olur ,āfet-i bād-ı ẖazāndan tā ebed maḥfūẓ olur ,āfet-i bād-ı ẖazāndan tā ebed maḥfūẓ olur ,āfet-i bād-ı ẖazāndan tā ebed maḥfūẓ olur ,āfet-i bād-ı ẖazāndan tā ebed maḥfūẓdur ,āfet-i bād-ı ẖazāndan tā ebed maḥfūẓ olur ,āfet-i bād-ı ẖazāndan tā ebed maḥfūẓ olur 
bāġ-ı dehre ḥüsn-i tedbīrüñ olursa bāġbān ,bāġ-ı dehre ḥüsn-i tedbīrüñ olursa bāġbān ,bāġ-ı dehre ḥüsn-i tedbīrüñ olursa bāġbān ,bāġ-ı dehre ḥüsn-i tedbīrüñ olursa bāġbān ,bāġ-ı dehre ḥüsn-i tedbīrüñ olursa bāġbān ,bāġ-ı dehre ḥüsn-i tedbīrüñ olursa bāġbān ,bāġ-ı dehre ḥüsn-i tedbīrüñ olursa bāġbān ,bāġ-ı dehre ḥüsn-i tedbīrüñ olursa bāġbān ,bāġ-ı dehre ḥüsn-i tedbīrüñ olursa bāġbān ,bāġ-ı dehre ḥüsn-i tedbīrüñ olursa bāġbān ,bāġ-ı dehre ḥüsn-i tedbīrüñ olursa bāġbān ,bāġ-ı dehre ḥüsn-i tedbīrüñ olursa bāġbān ,bāġ-ı dehre ḥüsn-i tedbīrüñ olursa bāġbān ,bāġ-ı dehre ḥüsn-i tedbīrüñ olursa bāġbān ,bāġ-ı dehre ḥüsn-i tedbīrüñ olursa bāġbān ,bāġ-ı dehre ḥüsn-i tedbīrüñ olursa bāġbān ,bāġ-ı dehre ḥüsn-i tedbīrüñ olursa bāġbān ,bāġ-ı dehre ḥüsn-i tedbīrüñ olursa bāġbān ,bāġ-ı dehre ḥüsn-i tedbīrüñ olursa bāġbān ,bāġ-ı dehre ḥüsn-i tedbīrüñ olursa bāġbān ,bāġ-ı dehre ḥüsn-i tedbīrüñ olursa bāġbān ,bāġ-ı dehre ḥüsn-i tedbīrüñ olursa bāġbān 
ṣarṣar-ı ġam fikrüm evrāḳın perīşān eyledi ,ṣarṣar-ı ġam fikrüm evrāḳın perīşān eyledi,ṣarṣar-ı ġam fikrüm evrāḳın perīşān eyledi ,ṣarṣar-ı ġam fikrüm evrāḳın perīşān eyledi ,ṣarṣar-ı āhum perīşān itdi fikr evrāḳını,ṣarṣar-ı ġam fikrüm evrāḳın perīşān eyledi ,ṣarṣar-ı ġam fikr evrāḳın perīşān eyledi ,ṣarṣar-ı āhum perīşān itdi fikr evrāḳını,ṣarṣar-ı ġam fikrüm evrāḳın perīşān eyledi,ṣarṣar-ı ġam fikrüm evrāḳın perīşān eyledi,ṣarṣar-ı ġam fikrüm evrāḳın perīşān ,ṣarṣar-ı ġamum fikrüm evrāḳın perīşān eyledi,ṣarṣar-ı ġamum fikr evrāḳın perīşān eyledi,ṣarṣar-ı ġam fikrüm evrāḳın perīşān eyledi,ṣarṣar-ı āhum fikrüm evrāḳın perīşān eyledi ,ṣarṣar-ı ġam fikrüm evrāḳın perīşān eyledi ,ṣarṣar-ı āhum erīşān itdi fikr evrāḳını ,ṣarṣar-ı ġam fikrüm evrāḳın perīşān eyledi,ṣarṣar-ı āhum perīşān itdi fikr evrāḳını,āh-ı ṣarṣar fikrüm evrāḳın perīşān eyledi ,ṣarṣar-ı āhum perīşān itdi fikr evrāḳını,ṣarṣar-ı ġam fikrüm evrāḳın perīşān eyledi 
çihre-i zerdüm belādan buldı reng-i zaʿferān ,çihre-i zerdüm belādan buldı reng-i zaʿferān ,çihre-i zerdüm belādan buldı reng-i zaʿferān ,çihre-i zerdüm belādan buldı reng-i zaʿferān ,çihre-i zerdüm belādan buldı reng-i zaʿferān ,çihre-i zerdüm belādan buldı reng-i zaʿferān ,çihre-i zerdüm belādan buldı reng-i zaʿferān ,çihre-i zerdüm belādan buldı reng-i zaʿferān ,çihre-i zerdüm belādan buldı reng-i zaʿferān ,çihre-i zerdüm belādan oldı reng-i zaʿferān ,çihre-i zerdüm belādan buldı reng-i zaʿferān ,çihre-i zerdüm belādan buldı reng-i zaʿferān ,çihre-i zerdüm belādan buldı reng-i zaʿferān ,çihre-i zerdüm belādan buldı reng-i zaʿferān ,çihre-i zerdüm belādan buldı reng-i zaʿferān ,çihre-i zerdüm belādan buldı reng-i zaʿferān ,çihre-i zerdüm belādan oldı reng-i zaʿferān ,çihre-i zerdüm belādan buldı reng-i zaʿferān ,çihre-i zerdüm belādan buldı reng-i zaʿferān ,çihre-i zerdüm belādan buldı reng-i zaʿferān ,çihre-i zerdüm belādan oldı reng-i zaʿferān ,çihre-i zerdüm belādan buldı reng-i zaʿferān 
cürʿa-i cām-ı belā encām-ı ġam bīhūş idüp ,cürʿa-i cām-ı belā encām-ı ġam bīhūş idüp,cürʿa-i cām-ı belā encām-ı ġam bīhūş idüp ,cürʿa-i cām-ı belā encām-ı ġam bīhūş olup,cürʿa-i cām-ı belā encām-ı ġam bīhūş idüp,cürʿa-i cām-ı belā encām-ı ġam bīhūş olup,cürʿa-i cām-ı belā encām-ı ġam bīhūş idüp ,cürʿa-i cām-ı belā encām-ı ġam bīhūş idüp,cürʿa-i cām-ı belā encām-ı ġam bīhūş idüp,cürʿa-i cām-ı belā encām-ı ġam bīhūş idüp,cürʿa-i cām-ı belā encām-ı ġam bīhūş idüp,cürʿa-i cām-ı belā encām-ı ġam bīhūş idüp,cürʿa-i cām-ı belā encām-ı ġam bīhūş idüp,cürʿa-i cām-ı belā encām-ı ġam bīhūş idüp,cürʿa-i cām-ı belā encām-ı ġam bīhūş idüp ,cürʿa-i cām-ı belā encām-ı ġam bīhūş idüp ,cürʿa-i cām-ı belā encām-ı ġam bīhūş idüp ,cürʿa-i cām-ı belā encām-ı ġam bīhūş idüp,cürʿa-i cām-ı belā encām-ı ġam bīhūş idüp,cürʿa-i cām-ı belā encām-ı ġam bīhūş idüp ,cürʿa-i cām-ı belā encām-ı ġam bīhūş idüp,cürʿa-i cām-ı belā encām-ı ġam bīhūş idüp 
ʿāḳıbet ḳıldı ẖumār-ı derd ü miḥnet sergirān ,ʿāḳıbet ḳıldı ġubār-ı derd ü miḥnet sergirān ,ʿāḳıbet ḳıldı ẖumār-ı derd ü miḥnet sergirān ,ʿāḳıbet ḳıldı ẖumār-ı derd ü miḥnet sergirān ,ʿāḳıbet ḳıldı ẖumār-ı derd ü miḥnet sergirān ,ʿāḳıbet ḳıldı derd ü miḥnet sergirān ,ʿāḳıbet ḳıldı ẖumār-ı derd-i miḥnet sergirān ,ʿāḳıbet ḳıldı ẖumār-ı derd ü miḥnet sergirān ,ʿāḳıbet ḳıldı ẖumār-ı derd ü miḥnet sergirān ,ʿāḳıbet ḳıldı ẖumār-ı derd ü miḥnet sergirān ,ʿāḳıbet ḳıldı ẖumār-ı derd ü miḥnet sergirān ,ʿāḳıbet ḳıldı ẖumār-ı derd ü miḥnet sergirān ,ʿāḳıbet ḳıldı ẖumār-ı derd ü miḥnet sergirān ,ʿāḳıbet ḳıldı ẖumār-ı derd ü miḥnet sergirān ,ʿāḳıbet ḳıldı ẖumār-ı derd ü miḥnet sergirān ,ʿāḳıbet ḳıldı ẖumār-ı derd ü miḥnet sergirān ,ʿāḳıbet ḳıldı ẖumār-ı derd ü miḥnet sergirān ,ʿāḳıbet ḳıldı ẖumār-ı derd ü miḥnet sergirān ,ʿāḳıbet ḳıldı ẖumār-ı derd ü miḥnet sergirān ,ʿāḳıbet ḳıldı ẖumār-ı derd ü miḥnet sergirān ,ʿāḳıbet ḳıldı ẖumār-ı derd ü miḥnet sergirān ,ʿāḳıbet ḳıldı ẖumār-ı derd ü miḥnet sergirān 
cürʿaveş ayaḳda ḳodı sāḳī-i devrān beni ,cürʿaveş ayaḳda ḳodı sāḳī-i devrān beni ,cürʿaveş ayaḳda ḳodı sāḳī-i devrān beni ,cürʿaveş ayaḳda ḳodı sāḳī-i devrān beni ,cürʿaveş ayaḳda ḳodı sāḳī-i devrān beni ,cürʿaveş ayaḳda ḳodı sāḳī-i devrān beni ,cürʿaveş ayaḳda ḳodı sāḳī-i devrān beni ,cürʿaveş ayaḳda ḳodı sāḳī-i devrān beni ,cürʿaveş ayaḳda ḳodı sāḳī-i devrān beni ,cürʿaveş ayaḳda ḳodı sāḳī-i devrān beni ,cürʿaveş ayaḳda ḳodı sāḳī-i devrān beni ,cürʿaveş ayaḳda ḳodı sāḳī-i devrān beni ,cürʿaveş ayaḳda ḳodı sāḳī-i devrān beni ,cürʿaveş ayaḳda ḳodı sāḳī-i devrān beni ,cürʿaveş ayaḳda ḳodı sāḳī-i devrān beni ,cürʿaveş ayaḳda ḳodı sāḳī-i devrān beni ,cürʿaveş ayaḳda ḳodı sāḳī-i devrān beni ,cürʿaveş ayaḳda ḳodı sāḳī-i devrān beni ,cürʿaveş ayaḳda ḳodı sāḳī-i devrān beni ,cürʿaveş ayaḳda ḳodı sāḳī-i devrān beni ,cürʿaveş ayaḳda ḳodı sāḳī-i devrān beni ,cürʿaveş ayaḳda ḳodı sāḳī-i devrān beni 
destgīr ol ey emīri meclis-i devr-i zamān ,destgīr ol ey emīr-i meclis-i devr-i zamān ,destgīr ol ey emīr-i meclis-i devr-i zamān ,destgīr ol ey emīr-i meclis-i devr-i zamān ,destgīr ol ey emīr-i meclis-i devr-i zamān ,destgīr ol ey emīr-i meclis-i devr-i zamān ,destgīr ol ey emīr-i meclis-i āẖir-i zamān ,destgīr ol ey emīr-i meclis-i devr-i zamān ,destgīr ol ey emīr-i meclis-i devr-i zamān ,destgīr ol ey emīr-i fitne-i āẖır zamān ,destgīr ol ey emīr-i meclis-i devr-i zamān ,destgīr ol ey emīr-i meclis-i devr-i zamān ,destgīr ol ey emīr-i meclis-i devr-i zamān ,destgīr ol ey emīr-i meclis-i devr-i zamān ,destgīr ol ey emīr-i meclis-i āẖır zamān ,destgīr ol ey emīr-i meclis-i devr-i zamān ,destgīr ol ey emīr-i meclis-i devr-i zamān ,destgīr ol ey emīr-i meclis-i āẖır zamān ,destgīr ol ey emīr-i meclis-i devr-i zamān ,destgīr ol ey emīr-i meclis-i āẖir zamān ,destgīr ol ey emīr-i meclis-i devr-i zamān ,destgīr ol ey emīr-i meclis-i devr-i zamān 
himmetüñ şimşādınuñ şāẖ-i bülendi variken ,himmetüñ şimşādınuñ şāẖ-i bülendi variken ,himmetüñ şimşādınuñ şāẖ-i bülendi variken ,himmetüñ şimşādınuñ şāẖ-i bülendi variken ,himmetüñ şimşādınuñ şāẖ-i bülendi variken ,himmetüñ şimşādınuñ şāẖ-i bülendi variken ,himmetüñ şimşādınuñ şāẖ-i bülendi variken ,himmetüñ şimşādınuñ şāẖ-i bülendi variken ,himmetüñ şimşādınuñ şāẖ-i bülendi variken ,himmetüñ şimşādınuñ şāẖ-i bülendi variken ,himmetüñ şimşādınuñ şāẖ-i bülendi variken ,himmetüñ şimşādınuñ şāẖ-i bülendi variken ,himmetüñ şimşādınuñ şāẖ-i bülendi variken ,himmetüñ şimşādınuñ şāẖ-i bülendi variken ,himmetüñ şimşādınuñ şāẖ-i bülendi variken ,himmetüñ şimşādınuñ şāẖ-i bülendi variken ,himmetüñ şimşādınuñ ḳadd-i bülendi variken ,himmetüñ şimşādınuñ şāẖ-i bülendi variken ,himmetüñ şimşādınuñ şāẖ-i bülendi variken ,himmetüñ şimşādınuñ şāẖ-i bülendi variken ,himmetüñ şimşādınuñ şāẖ-i bülendi variken ,himmetüñ şimşādınuñ şāẖ-i bülendi variken 
ḳanda yapsun şāh bāz-ı ṭabʿ-ı bāḳī āşiyān ,ḳanda yapsun şāhbāz-ı ṭabʿ-ı bāḳī āşiyān ,ḳanda yapsun şāhbāz-ı ṭabʿ-ı bāḳī āşiyān ,ḳanda yapsun şāhbāz-ı ṭabʿ-ı bāḳī āşiyān ,ḳanda yapsun şāhbāz-ı ṭabʿ-ı bāḳī āşiyān ,ḳanda yapsun şāhbāz-ı ṭabʿ-ı bāḳī āşiyān ,ḳanda yapsun şāhbāz-ı ṭabʿ-ı bāḳī āşiyān ,ḳanda yapsun şāhbāz-ı ṭabʿ-ı bāḳī āşiyān ,ḳanda yapsun şāhbāz-ı ṭabʿ-ı bāḳī āşiyān ,ḳanda yapsun şāhbāz-ı ṭabʿ-ı bāḳī āşiyān ,ḳanda yapsun şāhbāz-ı ṭabʿ-ı bāḳī āşiyān ,ḳanda yapsun şāhbāz-ı ṭabʿ-ı bāḳī āşiyān ,ḳanda yapsun şāhbāz-ı ṭabʿ-ı bāḳī āşiyān ,ḳanda yapsun şāhbāz-ı ṭabʿ-ı bāḳī āşiyān ,ḳanda yapsun şāhbāz-ı ṭabʿ-ı bāḳī āşiyān ,ḳanda yapsun şāhbāz-ı ṭabʿ-ı bāḳī āşiyān ,ḳanda yapsun şāhbāz-ı ṭabʿ-ı bāḳī āşiyān ,ḳanda yapsun şāhbāz-ı ṭabʿ-ı bāḳī āşiyān ,ḳanda yapsun şāhbāz-ı ṭabʿ-ı bāḳī āşiyān ,ḳanda yapsun şāhbāz-ı ṭabʿ-ı bāḳī āşiyān ,ḳanda ṭutsun şāhbāz-ı ṭabʿ-ı bāḳī āşiyān ,ḳanda yapsun şāh bāz-ı ṭabʿ-ı bāḳī āşiyān 
destüme alsam ḳalem naẓm-ı bedīʿümle benem ,destüme alsam ḳalem naẓm-ı bedīʿümle benem ,destüme alsam ḳalem naẓm-ı bedīʿümle benem ,destüme alsam ḳalem naẓm-ı bedīʿümle benem ,destüme alsam ḳalem naẓm-ı bedīʿümle benem ,destüme alsam ḳalem naẓm-ı bedīʿümle benem ,destüme alsam ḳalem naẓm-ı bedīʿümle benem ,destüme alsam ḳalem naẓm-ı bedīʿümle benem ,destüme alsam ḳalem naẓm-ı bedīʿümle benem ,destüme alsam ḳalem naẓm-ı bedīʿümle benem ,destüme alsam ḳalem naẓm-ı bedīʿümle benem ,destüme alsam ḳalem naẓm-ı bedīʿümle benem ,destüme alsam ḳalem naẓm-ı bedīʿümle benem ,destüme alsam ḳalem naẓm-ı bedīʿümle benem ,destüme alsam ḳalem naẓm-ı bedīʿümle benem ,destüme alsam ḳalem naẓm-ı bedīʿümle benem ,destüme alsam ḳalem naẓm-ı bedīʿümle benem ,destüme alsam ḳalem naẓm-ı bedīʿümle benem ,destüme alsam ḳalem naẓm-ı bedīʿümle benem ,destüme alsam ḳalem naẓm-ı bedīʿümle benem ,destüme alsam ḳalem naẓm-ı bedīʿümle benem ,destüme alsam ḳalem naẓm-ı bedīʿümle benem 
nīzebāzı ʿarṣa-i mülk-i maʿānī vü beyān ,nīzebāz-ı ʿarṣa-i mülk-i maʿānī vü beyān ,nīzebāz-ı ʿarṣa-i mülk-i maʿānī vü beyān ,nīzebāz-ı ʿarṣa-i mülk-i maʿānī vü beyān ,nīzebāz-ı ʿarṣa-i mülk-i maʿānī vü beyān ,nīzebāz-ı ʿarṣa-i mülk-i maʿānī vü beyān ,nīzebāz-ı ʿarṣa-i mülk-i maʿānī vü beyān ,nīzebāz-ı ʿarṣa-i mülk-i maʿānī vü beyān ,nīzebāz-ı ʿarṣa-i mülk-i maʿānī vü beyān ,nīzebāz-ı ʿarṣa-i mülk ü maʿānī vü beyān ,nīzebāz-ı ʿarṣa-i mülk-i maʿānī vü beyān ,nīzebāz-ı ʿarṣa-i mülk-i maʿānī vü beyān ,nīzebāz-ı ʿarṣa-i mülk-i maʿānī vü beyān ,nīzebāz-ı ʿarṣa-i mülk-i maʿānī vü beyān ,nīzebāz-ı ʿarṣa-i mülk-i maʿānī vü beyān ,nīzebāz-ı ʿarṣa-i mülk-i maʿānī vü beyān ,nīzebāz-ı ʿarṣa-i mülk-i maʿānī vü beyān ,nīzebāz-ı ʿarṣa-i mülk-i maʿānī vü beyān ,nīzebāz-ı ʿarṣa-i mülk-i maʿānī vü beyān ,tīrbāz-ı ʿarṣa-i mülk-i maʿānī vü beyān ,nīzebāz-ı ʿarṣa-i mülk maʿānī vü beyān ,nīzebāz u ʿarṣa-i mülk-i maʿānī vü beyān 
ben kemend endāz-ı meydān-ı belāġat olalı ,ben kemend endāz-ı meydān-ı belāġat olalı ,ben kemend endāz-ı meydān-ı belāġat olalı ,ben kemend endāz-ı meydān-ı belāġat olalı ,ben kemend endāz-ı meydān-ı belāġat olalı ,ben kemend endāz-ı meydān-ı belāġat olalı ,ben kemend endāz-ı meydān-ı belāġat olalı ,ben kemend endāz-ı meydān-ı belāġat olalı ,ben kemend endāz-ı meydān-ı belāġat olalı ,ben kemend endāz-ı meydān-ı belāġat olalı ,ben kemend endāz-ı meydān-ı belāġat olalı ,ben kemend endāz-ı meydān-ı belāġat olalı ,ben kemend endāz-ı meydān-ı belāġat olalı ,ben kemend endāz-ı meydān-ı maʿānī olalı ,ben kemen ez meydān olalı ,ben kemend endāz-ı meydān-ı belāġat olalı ,ben kemend endāz-ı meydān-ı belāġat olalı ,ben kemend endāz-ı meydān-ı belāġat olalı ,ben kemend endāz-ı meydān-ı belāġat olalı ,ben kemend endāz-ı meydān-ı maʿānī olalı ,ben kemend endāz-ı meydān-ı belāġat olalı ,ben kemend endāz-ı meydān-ı belāġat olalı 
ḥalḳa-i teslīme geçmişdür ser-i gerden keşān ,ḥalḳa-i teslīme geçmişdür ser-i gerden keşān,ḥalḳa-i teslīme geçmişdür ser-i gerden keşān ,ḥalḳa-i teslīme geçmişdür ser-i gerden keşān ,ḥalḳa-i teslīme geçmişdür ser-i gerden keşān,ḥalḳa-i teslīme geçmişdür ser-i gerden keşān ,ḥalḳa-i teslīme geçmişdür ser-i gerden keşān,ḥalḳa-i teslīme geçmişdür ser-i gerdenkeşān,ḥalḳa-i teslīme geçmişdür ser-i gerden keşān,ḥalḳa-i teslīme geçmişdür ser-i gerden keşān,ḥalḳa-i teslīme geçmişdür ser-i gerden keşān,ḥalḳa-i teslīme geçmişdür ser-i gerden keşān,ḥalḳa-i teslīme geçmişdür ser-i gerden keşān,ḥalḳa-i teslīme geçmişdür ser-i gerden keşān,ḥalḳa-i teslīme geçmişdür ser-i gerden keşān ,ḥalḳa-i teslīme geçmişdür ser-i gerden keşān ,ḥalḳa-i teslīme geçmişdür ser-i gerden keşān ,ḥalḳa-i teslīme geçmişdür ser-i gerden keşān,ḥalḳa-i teslīme geçmişdür ser-i gerden keşān,ḥalḳa-i teslīme geçmişdür ser-i gerdenkeşān ,ḥalḳa-i teslīme geçmişdür ser-i gerden keşān,ḥalḳa-i teslīme geçmişdür ser-i gerden keşān 
pehlevān-ı ʿarṣa-i naẓmem diyen ferzāneler ,pehlevān-ı ʿarṣa-i naẓmem diyen ferzāneler ,pehlevān-ı ʿarṣa-i naẓmem diyen ferzāneler ,pehlevān-ı ʿarṣa-i naẓmem diyen ferzāneler ,pehlevān-ı ʿarṣa-i naẓmem diyen ferzāneler ,pehlevān-ı ʿarṣa-i naẓmem diyen ferzāneler ,,pehlevān-ı ʿarṣa-i naẓmem diyen ferzāneler ,pehlevān-ı ʿarṣa-i naẓmem diyen ferzāneler ,pehlevān-ı ʿarṣa-i naẓmem diyen ferzāneler ,pehlevān-ı ʿarṣa-i naẓmem diyen ferzāneler ,pehlevān-ı ʿarṣa-i naẓmem diyen ferzāneler ,pehlevān-ı ʿarṣa-i naẓmem diyen ferzāneler ,pehlevān-ı ʿarṣa-i naẓmem diyen ferzāneler ,,pehlevān-ı ʿarṣa-i naẓmem diyen ferzāneler ,pehlevān-ı ʿarṣa-i naẓmem diyen ferzāneler,pehlevān-ı ʿarṣa-i naẓmem diyen ferzāneler ,,,pehlevān-ı ʿarṣa-i naẓmem diyen ferzāneler ,pehlevān-ı ʿarṣa-i naẓmem diyen ferzāneler 
bir iki zār u zebūnumdur żaʿīf ü nātevān ,bir iki zār u zebūnumdur żaʿīf ü nātevān ,bir iki zār u zebūnumdur żaʿīf ü nātevān ,bir iki zār u zebūnumdur żaʿīf ü nātevān ,bir iki zār u zebūnumdur żaʿīf ü nātevān ,bir iki zār u zebūnumdur żaʿīf ü nātevān ,,bir iki zār u zebūnumdur żaʿīf ü nātevān ,bir iki zār u zebūnumdur żaʿīf ü nātevān ,bir iki zār u zebūnumdur żaʿīf ü nātevān ,bir iki zār u zebūnumdur żaʿīf ü nātevān ,bir iki zār u zebūnumdur żaʿīf nātevān ,bir iki zār u zebūnumdur żaʿīf ü nātevān ,bir iki zār u zebūnumdur żaʿīf ü nātevān ,,bir iki zār u zebūnumdur żaʿīf ü nātevān ,bir iki zār u zebūnumdur żaʿīf ü nātevān,bir iki zār u zebūnumdur żaʿīf ü nātevān ,,,bir iki zār u zebūnumdur żaʿīf ü nātevān ,bir iki zār u zebūnumdur żaʿīf ü nātevān 
muttaṣıl şiʿrüm yazarken ẖāme ṭurmaz deprenür ,mutt​aṣıl şiʿrüm yazarken ẖāme durmaz deprenür ,mutt​aṣıl şiʿrüm yazarken ẖāme ṭurmaz deprenür ,mutt​aṣıl şiʿrüm yazarken ẖāme ṭurmaz deprenür ,,mutt​aṣıl şiʿrüm yazarken ẖāme ṭurmaz deprenür ,mutt​aṣıl şiʿrüm yazarken ẖāme ṭurmaz ṭāyir-i nūr,,mutt​aṣıl şiʿrüm yazarken ẖāme ṭurmaz deprenür ,mutt​aṣıl şiʿrüm yazarken ẖāme ṭurmaz deprenür ,mutt​aṣıl şiʿrüm yazarken ẖāme ṭurmaz deprenür ,mutt​aṣıl şiʿrüm yazarken ẖāme ṭurmaz deprenür ,mutt​aṣıl şiʿrüm yazarken ẖāme ṭurmaz deprenür ,mutt​aṣıl şiʿrüm yazarken ẖāme ṭurmaz deprenür ,mutt​aṣıl şiʿrüm yazarken ẖāme ṭurmaz deprenür ,mutt​aṣıl şiʿrüm yazarken ẖāme ṭurmaz deprenür ,mutt​aṣıl şiʿrüm yazarken ẖāme ṭurmaz deprenür ,mutt​aṣıl şiʿrüm yazarken ẖāme ṭurmaz deprenür ,mutt​aṣıl şiʿrüm yazarken ẖāme ṭurmaz deprenür ,mutt​aṣıl şiʿrüm yazarken ẖāme ṭurmaz deprenür ,mutt​aṣıl şiʿrüm yazarken ẖāme ṭurmaz deprenür ,mutt​aṣıl şiʿrüm yazarken ẖāme ṭurmaz deprenür 
ney dür anı gūyiyā lerzān āb-ı revān ,ney dür anı gūyiyā lerzān ider āb-ı revān ,ney dür anı gūyiyā lerzān ider āb-ı revān ,neydür anı gūyiyā lerzān ider āb-ı revān ,,ney dür anı gūyiyā lerzān ider āb-ı revān ,neydür anı gūyiyā lerzān ider āb-ı revān,,ney dür anı gūyiyā lerzān ider āb-ı revān,ney dür anı gūyiyā lerzān ider āb-ı revān,ney dür anı gūyiyā lerzān ider āb-ı revān,ney dür anı gūyiyā lerzān ider ab-ı revān,ney dür anı gūyiyā lerzān ider ab-ı revān,ney dür anı gūyiyā lerzān ider āb-ı revān,ney dür anı gūyiyā lerzān ider āb-ı revān ,ney dür anı gūyiyā lerzān ider āb-ı revān ,ney dür anı gūyiyā lerzān ider āb-ı revān ,ney dür anı gūyiyā lerzān ider ab-ı revān,ney dür anı gūyiyā lerzān ider bād-ı ẖazān ,ney dür anı gūyiyā lerzān ider āb-ı revān ,ney dür anı gūyiyā lerzān ider āb-ı revān,ney dür anı gūyiyā lerzān ider āb-ı revān 
bāġ u büstān içre tā ola bisāṭ-ı nīzeler ,bāġ u büstān içre tā ola bisāṭ-ı sebzeye ,bāġ u büstān içre tā ola bisāṭ-ı sebzeye ,bāġ u büstān içre tā ola bisāṭ-ı sebzeye ,bāġ u büstān içre tā ola bisāṭ-ı sebzeye ,bāġ u büstān içre tā ola bisāṭ-ı sebzeye ,bāġ u büstān içre tā ola bisāṭ-ı sebzeye ,bāġ u büstān içre tā ola bisāṭ-ı sebzeye ,bāġ u büstān içre tā ola bisāṭ-ı sebzeye ,bāġ u büstān içre tā ola bisāṭ-ı sebzeye ,bāġ büstān içre tā ola bisāṭ-ı sebzeye ,bāġ u büstān içre tā ola bisāṭ-ı sebzeye ,bāġ u büstān içre tā ola bisāṭ-ı sebzeye ,bāġ u büstān içre tā ola bisāṭ-ı sebzeye ,bāġ u büstān içre tā ola bisāṭ-ı sebzeye ,bāġ u büstān içre tā ola bisāṭ-ı sebzeye ,bāġ u büstān içre tā ola bisāṭ-ı sebzeye ,bāġ u büstān içre tā ola bisāṭ-ı sebzeye ,bāġ u büstān içre tā ola bisāṭ-ı sebzeye ,bāġ u büstān içre tā ola bisāṭ-ı sebzeye ,bāġ u büstān içre tā ola bisāṭ-ı sebzeye ,bāġ u büstān içre tā ola bisāṭ-ı sebzeye 
ṣubḥdem berg-i ẖazāndan ḳaṭre-i şebnem çekān ,ṣubḥdem berg-i ẖazāndan ḳaṭre-i şebnem çekān ,ṣubḥdem berg-i ẖazāndan ḳaṭre-i şebnem çekān ,ṣubḥdem berg-i ẖazāndan ḳaṭre-i şebnem çekān ,ṣubḥdem berg-i ẖazāndan ḳaṭre-i şebnem çekān ,ṣubḥdem berg-i ẖazāndan ḳaṭre-i şebnem çekān ,ṣubḥdem berg-i ẖazāndan ḳaṭre-i şebnem çekān   ,ṣubḥdem berg-i ẖazāndan ḳaṭre-i şebnem çekān ,ṣubḥdem berg-i ẖazāndan ḳaṭre-i şebnem çekān ,ṣubḥdem berg-i ẖazāndan ḳaṭre-i şebnem çekān ,ṣubḥdem berg-i ẖazāndan ḳaṭre-i şebnem çekān ,ṣubḥdem berg-i ẖazāndan ḳaṭre-i şebnem çekān ,ṣubḥdem berg-i ẖazāndan ḳaṭre-i şebnem çekān ,ṣubḥdem berg-i ẖazāndan ḳaṭre-i şebnem çekān ,ṣubḥdem berg-i ẖazāndan ḳaṭre-i şebnem çekān ,ṣubḥdem berg-i ẖazāndan ḳaṭre-i şebnem çekān ,ṣubḥdem berg-i ẖazāndan ḳaṭre-i şebnem çekān ,ṣubḥdem berg-i ẖazāndan ḳaṭre-i şebnem çekān ,ṣubḥdem berg-i ẖazāndan ḳaṭre-i şebnem çekān ,ṣubḥdem berg-i ẖazāndan ḳaṭre-i şebnem çekān ,ṣubḥdem bād-ı ẖazāndan ḳaṭre-i şebnem çekān ,ṣubḥdem berg-i ẖazāndan ḳaṭre-i şebnem çekān 
her seḥer ṣaḥn-ı zümürrüdgūn-ı gerdūn üstine ,her seḥer taẖt-ı zümürrüdgūn-ı gerdūn üstine ,her seḥer ṣaḥn-ı zümürrüdgūn-ı gerdūn üstine ,her seḥer ṣaḥn-ı zümürrüdgūn-ı gerdūn üstine ,her seḥer ṣaḥn-ı zümürrüdgūn-ı gerdūn üstine ,her seḥer ṣaḥn-ı zümürrüdgūn-ı gerdūn üstine ,her seḥergeh kim zümürrüdgūn-ı gerdūn üstine ,her seḥer taẖt-ı zümürrüdgūn-ı gerdūn üstine ,her seḥer taẖt-ı zümürrüdgūn-ı gerdūn üstine ,her seḥer taẖt-ı zümürrüdgūn-ı gerdūn üstine ,her seḥergeh kim zümürrüdgūn-ı gerdūn üstine ,her seḥer ṣaḥn-ı zümürrüdgūn-ı gerdūn üstine ,her seḥer ṣaḥn-ı zümürrüdgūn-ı gerdūn üstine ,her seḥer ṣaḥn-ı zümürrüdgūn-ı gerdūn üstine ,her seḥer geh kim zümürrüdgūn-ı gerdūn üstine ,her seḥer ṣaḥn-ı zümürrüdgūn-ı gerdūn üstine ,(her seḥer geh kim zümürrüdgūn-ı gerdūn üstine ,her seḥer ṣaḥn-ı zümürrüdgūn-ı gerdūn üstine ,her seḥer taẖt-ı zümürrüdgūn-ı gerdūn üstine ,her seḥergeh kim zümürrüdgūn-ı gerdūn üstine ,rūzgāruñ şiddetinden gülşen-i baẖtı maṣūn ,her seḥer ṣaḥn-ı zümürrüdgūn-ı gerdūn üstine 
āfitāb altun ṭabaḳdur tā ola gevher nişān,āfitāb altun ṭabaḳdan tā ola gevher feşān,āfitāb altun ṭabaḳdan tā ola gevher feşān,āfitāb altun ṭabaḳdan tā ola gevher feşān,āfitāb altun ṭabaḳla ola tā gevher nişān,āfitāb altun ṭabaḳdan tā ola gevher feşān,āfitāb altun ṭabaḳdan tā ola gevher feşān,āfitāb altun ṭabaḳla ola tā gevher feşān,āfitāb altun ṭabaḳdan tā ola gevher feşān,āfitāb altun ṭabaḳdan tā ola gevher feşān,āfitāb altun ṭabaḳla ola tā gevher feşān,āfitāb-ı ʿālem altun ṭabaḳdan tā ola gevher feşān,āfitāb altun ṭabaḳdan tā ola gevher feşān,āfitāb altun ṭabaḳdan tā ola gevher feşān,āfitāb altun ṭabaḳda ola tā gevher feşān,āfitāb altun ṭabaḳdan tā ola gevher feşān,āfitāb altun ṭabaḳdan ola tā gevher feşān,āfitāb altun ṭabaḳdan tā ola gevher feşān,āfitāb altun ṭabaḳla ola tā gevher feşān,āfitāb altun ṭabaḳdan ola tā gevher feşān,,āfitāb altun ṭabaḳdan tā ola gevher feşān
mesned-i rifʿatde genc efşān-ı iḥsān ol müdām ,mesned-i rifʿatde genc efşān-ı iḥsān ol müdām,mesned-i rifʿatde genc efşān-ı iḥsān ol müdām ,mesned-i ʿizzetde genc efşān-ı iḥsān ol müdām ,mesned-i rifʿatde genc efşān-ı iḥsān olalı (?),mesned-i rifʿatde genc efşān-ı iḥsān ol müdām ,mesned-i rifʿatde genc efşān-ı iḥsān ol müdām ,mesned-i rifʿatde genc efşān-ı iḥsān olalı,mesned-i rifʿatde genc efşān-ı iḥsān ol müdām,mesned-i rifʿatde genc efşān-ı iḥsān ol müdām,mesned-i rifʿatde genc efşān-ı iḥsān ol müdām,mesned-i rifʿatde genc efşān-ı iḥsān ol müdām,mesned-i rifʿatde genc efşān-ı iḥsān ol müdām,mesned-i rifʿatde genc efşān-ı iḥsān ol müdām,mesned-i rifʿatde genc efşān-ı maʿnā olalı (?),mesned-i rifʿatde genc efşān-ı iḥsān ol müdām ,mesned-i rifʿatde genc efşān ol müdām,mesned-i rifʿatde genc efşān-ı iḥsān ol müdām,mesned-i rifʿatde genc efşān-ı iḥsān ol müdām,mesned-i rifʿatde genc efşān-ı iḥsān ol müdām ,nitekim bād-ı ẖazāndan bāġ-ı gülzār-ı cinān ,mesned-i rifʿatde genc efşān-ı iḥsān ol müdām 
ʿömr ü devlet pāydār iḳbāl-i ʿizzet cāvidān ,ʿömr ü devlet pāydār iḳbāl ü ʿizzet cāvidān ,ʿömr ü devlet pāydār iḳbāl ü devlet cāvidān ,ʿömr ü devlet pāydār iḳbāl ü ʿizzet cāvidān ,ʿömr ü devlet pāydār iḳbāl ü ʿizzet cāvidān ,ʿömr ü devlet pāydār iḳbāl ü devlet cāvidān ,ʿömr ü devlet pāydār iḳbāl-i ʿizzet cāvidān ,ʿömr ü devlet pāydār iḳbāl ü ʿizzet cāvidān ,ʿömr ü devlet pāydār iḳbāl ü ʿizzet cāvidān ,ʿömr ü devlet pāydār iḳbāl ü ʿizzet cāvidān ,ʿömr ü devlet pāydār iḳbāl ü ʿizzet cāvidān ,ʿömr ü devlet pāydār iḳbāl ü ʿizzet cāvidān ,ʿömr ü devlet pāydār iḳbāl ü ʿizzet cāvidān ,ʿömr ü devlet pāydār iḳbāl ü ʿizzet cāvidān ,ʿömr ü devlet pāydār iḳbāl ü ʿizzet cāvidān ,ʿömr ü devlet pāydār iḳbāl ü ʿizzet cāvidān ,ʿömr ü devlet pāydār iḳbāl ü ʿizzet cāvidān) ,ʿömr ü devlet pāydār iḳbāl ü ʿizzet cāvidān ,ʿömr ü devlet pāydār iḳbāl ü ʿizzet cāvidān ,ʿömr ü devlet pāydār iḳbāl ü ʿizzet cāvidān ,,ʿömr ü devlet pāydār iḳbāl ü ʿizzet cāvidān 
